"","Longitude","Latitude","Date","Survey_Type"
"10356","-77.0651803128456","38.9095306393328",2010-01-01,"transect"
"7995","-77.0400895358907","38.9203226465336",2010-01-02,"Transect5"
"8","-77.0184273123085","38.9576575989075",2010-01-07,"transect"
"3858","-77.0160896622816","38.9380228342696",2010-01-07,"transect"
"7509","-77.0433622459283","38.9227475908582",2010-01-09,"transect"
"3197","-77.0179597823031","38.941295672719",2010-01-15,"transect"
"2198","-77.0315181524589","38.946507659118",2010-01-20,"transect"
"1406","-77.0154662889411","38.9497801059081",2010-02-02,"transect"
"5990","-77.0167130356221","38.9292945265564",2010-02-05,"transect"
"2885","-77.0160896622816","38.9426290080371",2010-02-07,"transect"
"3978","-77.0209208056705","38.9375379564666",2010-02-12,"transect"
"6311","-77.0135961689196","38.9279609405097",2010-02-12,"transect"
"299","-77.0106351455523","38.9542643246595",2010-02-13,"transect"
"1447","-77.0081416521903","38.9496589068692",2010-02-15,"transect"
"8715","-77.0519336293601","38.9168063300545",2010-02-15,"transect"
"6970","-77.0315181524589","38.9250512112012",2010-02-16,"transect"
"2301","-77.0319856824643","38.9460228393377",2010-02-17,"transect"
"9782","-77.0541154360518","38.9126835302186",2010-02-20,"Transect5"
"3535","-77.0132844822494","38.9393562311325",2010-02-20,"transect"
"3721","-77.0358817658424","38.9383864904461",2010-02-22,"transect"
"8490","-77.0195182156544","38.9178976193328",2010-02-23,"transect"
"11393","-77.0234142990325","38.9049223161158",2010-02-24,"transect"
"3506","-77.0388427892097","38.9394774477859",2010-02-24,"transect"
"5913","-77.0100117722118","38.9296582274906",2010-02-25,"transect"
"246","-77.0160896622816","38.955112658454",2010-03-02,"transect_2"
"8506","-77.0365051391829","38.9177763657973",2010-03-03,"transect"
"10550","-77.0346350191614","38.9083179517006",2010-03-05,"transect"
"4618","-77.0410245959014","38.9347498447583",2010-03-09,"transect"
"9788","-77.030427249113","38.9126835302186",2010-03-10,"transect"
"4914","-77.0237259857027","38.9334163612794",2010-03-10,"transect"
"6850","-77.0095442422064","38.9256574146491",2010-03-18,"transect"
"6851","-77.0093883988713","38.9256574146491",2010-03-19,"transect"
"10313","-77.035414235837","38.9098944415826",2010-03-19,"transect"
"11150","-77.0686088662184","38.905892514285",2010-03-24,"transect4"
"8232","-77.0502193526737","38.9191101432926",2010-03-26,"transect"
"3736","-77.0159338189465","38.9383864904461",2010-03-29,"transect"
"8818","-77.0539595927167","38.9162000509817",2010-04-05,"transect"
"5745","-77.007674122185","38.9305068557516",2010-04-05,"transect"
"4421","-77.0368168258531","38.9357196351767",2010-04-07,"transect"
"5321","-77.0179597823031","38.932204081814",2010-04-09,"transect"
"2247","-77.0101676155469","38.9463864544838",2010-04-11,"transect"
"6820","-77.0221675523515","38.9257786547171",2010-04-13,"transect"
"4256","-77.0326090558048","38.9363257474537",2010-04-14,"transect"
"7725","-77.0538037493816","38.9216563761682",2010-04-16,"transect"
"10298","-77.0271545390754","38.9100157085848",2010-04-18,"transect4"
"11106","-77.0171805656275","38.9061350617556",2010-04-20,"transect"
"1636","-77.0271545390754","38.9488105077942",2010-04-20,"transect"
"6349","-77.0413362825717","38.9277184676257",2010-04-22,"Transect2"
"4611","-77.0078299655201","38.9348710692859",2010-04-22,"transect"
"1853","-77.0282454424213","38.9480833005048",2010-04-24,"transect"
"10979","-77.0684530228832","38.9064988814078",2010-04-26,"transect"
"6558","-77.0355700791721","38.926991044001",2010-04-27,"transect"
"2758","-77.019050685649","38.9433562712785",2010-04-27,"transect"
"9434","-77.0494401359981","38.914259923142",2010-04-29,"transect"
"10431","-77.0651803128456","38.909045566766",2010-04-29,"transect"
"1098","-77.0248168890486","38.9506284933779",2010-04-30,"transect"
"5597","-77.0294921891023","38.9311130125789",2010-05-03,"transect"
"1172","-77.0095442422064","38.9505072957897",2010-05-04,"transect"
"4736","-77.0146870722655","38.9341437190124",2010-05-05,"transect"
"8977","-77.0452323659498","38.9157150239942",2010-05-07,"transect"
"1491","-77.0181156256383","38.9494165081697",2010-05-14,"transect"
"4451","-77.0371285125234","38.9355984120997",2010-05-15,"transect"
"7533","-77.0460115826254","38.9226263456103",2010-05-18,"transect"
"1483","-77.0280895990862","38.9494165081697",2010-05-21,"transect"
"830","-77.0284012857564","38.9514768706931",2010-05-29,"transect"
"1378","-77.0112585188928","38.9499013047398",2010-06-06,"transect"
"7114","-77.0436739325985","38.9244450025734",2010-06-06,"transect"
"3043","-77.0142195422602","38.9419017373356",2010-06-08,"transect"
"11231","-77.006427375504","38.9055286915253",2010-06-11,"transect"
"1044","-77.0156221322763","38.9508708879327",2010-06-11,"transect"
"8078","-77.051777786025","38.9199588977368",2010-06-12,"transect"
"6419","-77.0399336925556","38.927475993913",2010-06-21,"transect"
"1852","-77.0293363457672","38.9480833005048",2010-06-25,"transect"
"3737","-77.0126611089089","38.9383864904461",2010-06-26,"transect"
"5741","-77.0220117090163","38.9305068557516",2010-06-28,"transect"
"10965","-77.0134403255845","38.9066201542108",2010-07-02,"transect"
"8684","-77.0558297127382","38.9169275852475",2010-07-02,"transect"
"3558","-77.0134403255845","38.939235014272",2010-07-07,"transect"
"11508","-77.0301155624428","38.9044372120593",2010-07-08,"transect"
"9525","-77.0508427260142","38.9140174034328",2010-07-13,"thirdtransect"
"3543","-77.0375960425287","38.939235014272",2010-07-14,"transect"
"7495","-77.0263753223998","38.9228688358989",2010-07-14,"second_transect"
"6669","-77.0503751960089","38.9263848519491",2010-07-15,"transect"
"634","-77.0217000223461","38.9522040431666",2010-07-15,"transect"
"5474","-77.007674122185","38.9315979343111",2010-07-17,"transect"
"9500","-77.030427249113","38.914138663391",2010-07-18,"transect"
"9656","-77.0291805024321","38.9134111005341",2010-07-18,"transect"
"457","-77.0068949055093","38.9529312081795",2010-07-23,"transect"
"11196","-77.0687647095535","38.9056499659857",2010-07-27,"transect"
"1135","-77.0048689421527","38.9506284933779",2010-08-01,"first_transect"
"5013","-77.034167489156","38.9330526796155",2010-08-03,"transect"
"9485","-77.0497518226684","38.914138663391",2010-08-15,"transect"
"11202","-77.024037672373","38.9056499659857",2010-08-16,"transect"
"9953","-77.0626868194837","38.9117134248628",2010-08-17,"transect"
"1674","-77.0226350823568","38.9486893070974",2010-08-17,"transect"
"5533","-77.0255961057242","38.9313554738594",2010-08-18,"transect"
"11402","-77.034167489156","38.9048010404125",2010-08-20,"transect"
"5268","-77.0299597191077","38.932325310693",2010-08-21,"transect"
"2480","-77.0322973691345","38.9448107753809",2010-08-22,"transect"
"7414","-77.0176480956329","38.9232325697779",2010-08-26,"transect"
"4113","-77.0072065921796","38.9369318545503",2010-09-01,"transect"
"8006","-77.0224792390217","38.9203226465336",2010-09-10,"transect"
"6026","-77.0321415257994","38.9290520582309",2010-09-17,"transect"
"128","-77.0188948423139","38.9568092955781",2010-09-19,"transect"
"9157","-77.0559855560733","38.9151087355981",2010-09-20,"transect"
"7724","-77.0539595927167","38.9216563761682",2010-09-27,"transect"
"4754","-77.0187389989788","38.9340224932416",2010-10-03,"transect"
"303","-77.0234142990325","38.9541431332884",2010-10-07,"transect"
"11028","-77.0689205528886","38.9063776083975",2010-10-08,"transect"
"2715","-77.0171805656275","38.9435986907012",2010-10-09,"second_transect"
"9941","-77.0564530860787","38.9118346887574",2010-10-19,"transect"
"4066","-77.0073624355147","38.937053075348",2010-10-20,"transect"
"8843","-77.0572323027543","38.9160787945456",2010-10-23,"transect"
"11646","-77.0251285757188","38.903952104688",2010-10-31,"transect"
"1335","-77.0132844822494","38.9500225033643",2010-11-03,"transect"
"2250","-77.0318298391291","38.9462652496423",2010-11-07,"transect"
"10292","-77.0371285125234","38.9100157085848",2010-11-13,"transect"
"5754","-77.0301155624428","38.9303856237645",2010-11-16,"transect"
"7767","-77.0231026123622","38.9215351290555",2010-11-19,"transect"
"1177","-77.0056481588284","38.9505072957897",2010-11-20,"transect"
"9013","-77.024037672373","38.9157150239942",2010-11-25,"thirdtransect"
"6216","-77.0137520122548","38.9283246482816",2010-12-04,"transect"
"2436","-77.0118818922333","38.9452956034504",2010-12-07,"transect"
"10203","-77.063154349489","38.910500774522",2010-12-11,"transect"
"1258","-77.0145312289304","38.9502648999914",2010-12-16,"transect"
"5792","-77.0432064025932","38.9301431591687",2010-12-25,"transect"
"10663","-77.0157779756114","38.9077116001156",2010-12-27,"transect"
"4418","-77.0419596559122","38.9357196351767",2010-12-28,"transect"
"5501","-77.024037672373","38.9314767041888",2011-01-01,"transect"
"3560","-77.0078299655201","38.939235014272",2011-01-02,"transect_2"
"8224","-77.0157779756114","38.9192313945491",2011-01-11,"transect"
"3331","-77.0089208688659","38.9406896029218",2011-01-16,"Transect2"
"6211","-77.0174922522977","38.9283246482816",2011-01-20,"transect"
"3191","-77.0271545390754","38.941295672719",2011-01-20,"transect"
"8982","-77.0441414626039","38.9157150239942",2011-01-23,"transect"
"5413","-77.0125052655738","38.9318403939339",2011-01-28,"transect"
"6147","-77.0168688789573","38.9285671190935",2011-01-29,"transect"
"4503","-77.0093883988713","38.9354771888154",2011-01-31,"transect"
"10291","-77.0615959161378","38.9100157085848",2011-02-03,"transect"
"3368","-77.0123494222387","38.9404471735524",2011-02-04,"transect"
"5567","-77.0273103824106","38.9312342433228",2011-02-04,"transect"
"2273","-77.031673995794","38.9461440445936",2011-02-06,"transect"
"6447","-77.0502193526737","38.9273547567458",2011-02-11,"transect"
"8671","-77.0301155624428","38.9170488402333",2011-02-12,"transect"
"10223","-77.0640894094998","38.9103795083485",2011-02-14,"transect"
"7845","-77.0321415257994","38.9210501385331",2011-02-15,"transect"
"6028","-77.0315181524589","38.9290520582309",2011-02-19,"transect"
"9796","-77.0609725427973","38.9125622677743",2011-02-20,"Transect"
"1373","-77.0121935789035","38.9499013047398",2011-02-21,"transect"
"6714","-77.0212324923407","38.9262636129171",2011-02-24,"transect"
"1572","-77.0232584556973","38.9490529085661",2011-02-28,"transect"
"870","-77.0284012857564","38.9513556745555",2011-03-03,"transect"
"5765","-77.0078299655201","38.9303856237645",2011-03-05,"transect"
"10812","-77.0145312289304","38.9071052433513",2011-03-10,"transect"
"8664","-77.0539595927167","38.9170488402333",2011-03-11,"transect"
"3572","-77.0229467690271","38.9391137972043",2011-03-11,"transect"
"11385","-77.0259077923944","38.9049223161158",2011-03-14,"transect4"
"7149","-77.0377518858638","38.9243237602262",2011-03-19,"transect"
"10652","-77.0358817658424","38.9077116001156",2011-03-22,"transect"
"10169","-77.0279337557511","38.9107433062476",2011-03-22,"transect"
"1994","-77.0115702055631","38.9475984915006",2011-03-28,"transect"
"7878","-77.0460115826254","38.9208076420287",2011-03-30,"transect"
"3596","-77.0217000223461","38.9389925799293",2011-04-03,"transect"
"7757","-77.0452323659498","38.9215351290555",2011-04-04,"transect"
"8532","-77.0357259225072","38.9176551120546",2011-04-08,"transect4"
"5957","-77.0298038757725","38.9294157604084",2011-04-09,"transect"
"4532","-77.0090767122011","38.9353559653239",2011-04-19,"transect"
"10208","-77.0614400728027","38.910500774522",2011-04-22,"transect"
"11347","-77.0207649623353","38.9051648669011",2011-04-24,"transect"
"6342","-77.0103234588821","38.9278397041713",2011-04-26,"transect"
"7307","-77.0460115826254","38.9235963017921",2011-04-26,"TRANSECT"
"10623","-77.0661153728564","38.9078328708469",2011-05-07,"transect"
"533","-77.0274662257457","38.9526888206709",2011-05-10,"transect"
"7376","-77.0405570658961","38.9233538139898",2011-05-13,"transect"
"8459","-77.0499076660035","38.9180188726611",2011-05-14,"transect"
"5628","-77.024037672373","38.9309917816278",2011-05-23,"transect"
"7133","-77.0106351455523","38.9244450025734",2011-05-24,"transect"
"10573","-77.0234142990325","38.908196681798",2011-05-25,"transect"
"8959","-77.024037672373","38.9158362810518",2011-05-30,"transect"
"4582","-77.0126611089089","38.9349922936062",2011-06-01,"transect"
"1600","-77.0301155624428","38.9489317082837",2011-06-04,"transect"
"640","-77.0073624355147","38.9522040431666",2011-06-09,"transect"
"3263","-77.0082974955255","38.9410532454218",2011-06-12,"transect"
"9019","-77.0566089294138","38.9155937667293",2011-06-14,"transect"
"10453","-77.0633101928242","38.9089242981064",2011-06-15,"transect"
"3705","-77.0114143622279","38.9385077087572",2011-06-18,"transect"
"4458","-77.0254402623891","38.9355984120997",2011-06-21,"transect"
"11405","-77.0322973691345","38.9048010404125",2011-06-22,"transect "
"354","-77.0269986957403","38.9531735948593",2011-06-24,"transect"
"10477","-77.0349467058316","38.9088030292396",2011-06-24,"transect"
"8259","-77.0477258593118","38.918988891829",2011-06-26,"transect"
"7012","-77.0100117722118","38.92492996989",2011-06-28,"transect"
"2930","-77.0257519490593","38.9423865852988",2011-06-29,"transect"
"453","-77.0075182788498","38.9529312081795",2011-07-03,"transect"
"8303","-77.0481933893171","38.9187463882801",2011-07-05,"transect"
"3253","-77.0174922522977","38.9410532454218",2011-07-05,"transect"
"2131","-77.0184273123085","38.9468712717773",2011-07-07,"transect"
"11565","-77.0274662257457","38.904194658788",2011-07-07,"transect3"
"1733","-77.0160896622816","38.9485681061933",2011-07-09,"transect"
"1040","-77.0171805656275","38.9508708879327",2011-07-11,"transect"
"1301","-77.0114143622279","38.9501437017815",2011-07-13,"transect"
"7154","-77.0322973691345","38.9243237602262",2011-07-21,"transect"
"696","-77.0009728587746","38.9520828482725",2011-07-25,"transect"
"4555","-77.0407129092312","38.9351135177193",2011-07-26,"transect"
"5230","-77.0263753223998","38.9324465393648",2011-07-30,"transect"
"3223","-77.0188948423139","38.941174459174",2011-07-31,"transect"
"7123","-77.0326090558048","38.9244450025734",2011-08-03,"transect"
"10350","-77.0268428524052","38.9096519069565",2011-08-08,"transect"
"10025","-77.0375960425287","38.911470896452",2011-08-15,"transect"
"1748","-77.0290246590969","38.9484469050821",2011-08-16,"transect"
"2654","-77.0145312289304","38.943962318281",2011-08-16,"transect"
"11739","-77.0301155624428","38.9034669940022",2011-08-18,"transect"
"11558","-77.0349467058316","38.904194658788",2011-08-20,"transect"
"1123","-77.0101676155469","38.9506284933779",2011-08-21,"transect"
"1216","-77.0101676155469","38.9503860979942",2011-08-22,"transect"
"9140","-77.0360376091775","38.9152299936917",2011-08-29,"transect"
"945","-77.0287129724267","38.9511132816586",2011-08-30,"transect"
"9581","-77.0394661625502","38.9137748828948",2011-08-31,"transect"
"7888","-77.0231026123622","38.9208076420287",2011-09-03,"transect"
"7504","-77.0472583293064","38.9227475908582",2011-09-07,"transect"
"10768","-77.0664270595266","38.9072265151185",2011-09-09,"transect"
"6297","-77.0343233324911","38.9279609405097",2011-09-12,"transect"
"6090","-77.0485050759874","38.9286883541887",2011-09-13,"Transect4"
"4435","-77.0182714689734","38.9357196351767",2011-09-13,"transect"
"11318","-77.0277779124159","38.9051648669011",2011-09-14,"transect"
"10170","-77.0266870090701","38.9107433062476",2011-09-16,"transect"
"9145","-77.0255961057242","38.9152299936917",2011-09-16,"transect"
"6365","-77.0259077923944","38.9277184676257",2011-09-28,"transect"
"7500","-77.0534920627114","38.9227475908582",2011-09-28,"transect"
"10078","-77.0271545390754","38.9112283672126",2011-09-28,"transect"
"8678","-77.02029743233","38.9170488402333",2011-09-30,"transect"
"6035","-77.0134403255845","38.9290520582309",2011-10-04,"transect"
"7119","-77.0389986325448","38.9244450025734",2011-10-07,"transect"
"5431","-77.0282454424213","38.9317191642261",2011-10-07,"transect"
"3042","-77.0157779756114","38.9419017373356",2011-10-08,"transect"
"7680","-77.0433622459283","38.9218988697719",2011-10-08,"transect"
"10066","-77.059414109446","38.9112283672126",2011-10-10,"transect"
"2446","-77.0224792390217","38.9451743967438",2011-10-13,"transect"
"3772","-77.017803938968","38.9382652719278",2011-10-14,"transect"
"3870","-77.0073624355147","38.9380228342696",2011-10-15,"transect"
"1487","-77.0220117090163","38.9494165081697",2011-10-20,"transect"
"6867","-77.0340116458209","38.9255361743739",2011-10-24,"transect"
"815","-77.0086091821957","38.9515980666235",2011-10-28,"transect"
"1252","-77.0157779756114","38.9502648999914",2011-10-29,"transect"
"5798","-77.0305830924482","38.9301431591687",2011-11-03,"transect"
"7610","-77.0217000223461","38.9222626086235",2011-11-05,"transect"
"816","-77.0084533388606","38.9515980666235",2011-11-09,"transect"
"668","-77.0229467690271","38.9520828482725",2011-11-11,"transect"
"1141","-77.0248168890486","38.9505072957897",2011-11-17,"transect"
"4455","-77.0298038757725","38.9355984120997",2011-11-23,"transect"
"2108","-77.0168688789573","38.9469924755826",2011-11-24,"transect"
"6607","-77.0360376091775","38.9267485678018",2011-11-27,"transect"
"8387","-77.0284012857564","38.918382631403",2011-11-28,"transect"
"14","-77.0174922522977","38.9576575989075",2011-11-30,"transect"
"5006","-77.041647969242","38.9330526796155",2011-12-09,"Transect1"
"6526","-77.0369726691882","38.9271122817898",2011-12-19,"transect"
"8710","-77.054271279387","38.9168063300545",2011-12-20,"transect"
"1820","-77.0223233956866","38.9482045022378",2011-12-21,"transect"
"1967","-77.0128169522441","38.9477196940625",2011-12-23,"transect_2"
"9763","-77.0369726691882","38.9128047924558",2011-12-28,"transect"
"9234","-77.0474141726415","38.9148662187894",2011-12-28,"transect"
"6298","-77.034167489156","38.9279609405097",2012-01-01,"transect"
"10027","-77.0363492958477","38.911470896452",2012-01-02,"transect"
"1521","-77.0154662889411","38.949295308509",2012-01-02,"transect"
"540","-77.0151546022709","38.9526888206709",2012-01-05,"second_transect"
"505","-77.0079858088552","38.9528100145288",2012-01-05,"transect"
"2116","-77.0120377355684","38.9469924755826",2012-01-10,"transect"
"3376","-77.037907729199","38.9403259585569",2012-01-11,"transect"
"10539","-77.0675179628725","38.9083179517006",2012-01-12,"transect"
"8458","-77.0503751960089","38.9180188726611",2012-01-12,"transect"
"335","-77.0100117722118","38.9535371733245",2012-01-14,"transect"
"10490","-77.0639335661646","38.9086817601656",2012-01-17,"transect"
"5941","-77.0078299655201","38.9295369940531",2012-01-18,"transect"
"9635","-77.0605050127919","38.9134111005341",2012-01-19,"transect"
"7250","-77.037907729199","38.9238387887656",2012-01-23,"transect"
"2816","-77.0117260488982","38.9429926405903",2012-01-30,"transect_2"
"5257","-77.0386869458746","38.932325310693",2012-01-31,"transect"
"899","-77.0067390621742","38.9513556745555",2012-02-01,"transect"
"8705","-77.0566089294138","38.9168063300545",2012-02-02,"transect"
"10526","-77.0650244695105","38.9084392213961",2012-02-02,"transect"
"353","-77.0093883988713","38.9532947878882",2012-02-08,"transect"
"8615","-77.0511544126845","38.9172913495834",2012-02-09,"transect"
"9721","-77.0305830924482","38.9130473163087",2012-02-11,"transect"
"11744","-77.0291805024321","38.9034669940022",2012-02-24,"transect"
"5403","-77.0282454424213","38.9318403939339",2012-02-28,"transect"
"1376","-77.0115702055631","38.9499013047398",2012-03-02,"transect"
"6664","-77.0090767122011","38.9265060907739",2012-03-06,"transect"
"2021","-77.0294921891023","38.9473560857551",2012-03-13,"transect"
"8901","-77.0234142990325","38.9159575379023",2012-03-15,"transect"
"6806","-77.041647969242","38.9257786547171",2012-03-20,"transect"
"2873","-77.0360376091775","38.9426290080371",2012-03-26,"transect"
"989","-77.0079858088552","38.9511132816586",2012-03-29,"transect"
"11060","-77.0686088662184","38.9062563351801",2012-04-01,"transect"
"7613","-77.0123494222387","38.9222626086235",2012-04-03,"transect"
"1749","-77.0274662257457","38.9484469050821",2012-04-04,"transect"
"1442","-77.0120377355684","38.9496589068692",2012-04-05,"transect"
"6356","-77.0346350191614","38.9277184676257",2012-04-06,"transect"
"8297","-77.0534920627114","38.9187463882801",2012-04-07,"transect"
"1560","-77.0135961689196","38.9491741086412",2012-04-13,"transect"
"7370","-77.0450765226147","38.9233538139898",2012-04-23,"transect"
"4859","-77.0413362825717","38.9335375880862",2012-04-27,"transect"
"10552","-77.0252844190539","38.9083179517006",2012-04-28,"transect"
"494","-77.0167130356221","38.9528100145288",2012-04-30,"Transect4"
"8602","-77.0199857456597","38.9174126039476",2012-05-05,"transect"
"3816","-77.0109468322226","38.9381440532024",2012-05-06,"transect"
"1827","-77.0173364089626","38.9482045022378",2012-05-08,"transect"
"6100","-77.0322973691345","38.9286883541887",2012-05-10,"transect"
"10511","-77.0637777228295","38.9085604908844",2012-05-11,"transect"
"1431","-77.0164013489519","38.9496589068692",2012-05-16,"transect"
"5578","-77.0176480956329","38.9312342433228",2012-05-17,"transect"
"6246","-77.0142195422602","38.9282034125648",2012-05-17,"transect4"
"6372","-77.0181156256383","38.9277184676257",2012-05-19,"transect"
"5273","-77.0266870090701","38.932325310693",2012-05-22,"transect"
"4809","-77.0154662889411","38.9337800410783",2012-05-29,"transect"
"692","-77.0036221954717","38.9520828482725",2012-06-06,"transect"
"5171","-77.0326090558048","38.9325677678293",2012-06-10,"transect"
"8576","-77.0514660993547","38.9174126039476",2012-06-11,"second_transect"
"11356","-77.0326090558048","38.9050435916121",2012-06-17,"transect"
"5773","-77.030427249113","38.9302643915702",2012-06-23,"transect"
"2902","-77.0291805024321","38.9425077967716",2012-06-30,"TRANSECT"
"2571","-77.0324532124696","38.9444471521529",2012-07-06,"Transect"
"8168","-77.0544271227221","38.9194738964404",2012-07-08,"transect"
"6438","-77.0322973691345","38.927475993913",2012-07-09,"transect"
"4083","-77.0262194790647","38.9369318545503",2012-07-12,"transect"
"3178","-77.0374401991936","38.941295672719",2012-07-13,"transect"
"3212","-77.035414235837","38.941174459174",2012-07-13,"transect"
"2963","-77.0104793022172","38.9422653736189",2012-07-15,"second_transect"
"9369","-77.0279337557511","38.9145024420225",2012-07-16,"thirdtransect"
"10619","-77.068141336213","38.9078328708469",2012-07-21,"transect"
"10377","-77.0645569395051","38.9094093715018",2012-07-22,"transect"
"6054","-77.0315181524589","38.9289308237574",2012-07-24,"transect"
"27","-77.0174922522977","38.9575364133393",2012-07-24,"transect"
"15","-77.0193623723192","38.9575364133393",2012-07-27,"transect"
"921","-77.0160896622816","38.9512344782107",2012-07-30,"transect"
"6892","-77.0330765858101","38.9254149338916",2012-08-01,"transect"
"4352","-77.0424271859176","38.9359620807091",2012-08-03,"transect"
"992","-77.0040897254771","38.9511132816586",2012-08-04,"transect"
"9298","-77.0586348927704","38.914623701152",2012-08-06,"transect"
"1316","-77.0185831556436","38.9500225033643",2012-08-18,"transect"
"1450","-77.0296480324374","38.9495377076231",2012-08-27,"transect"
"5958","-77.0279337557511","38.9294157604084",2012-08-27,"transect"
"5585","-77.0078299655201","38.9312342433228",2012-08-27,"Transect4"
"9626","-77.0394661625502","38.9135323615282",2012-09-05,"transect"
"1821","-77.0221675523515","38.9482045022378",2012-09-11,"transect"
"11775","-77.0287129724267","38.9033457158128",2012-09-14,"transect"
"1299","-77.0143753855953","38.9501437017815",2012-09-15,"Transect4"
"1647","-77.0171805656275","38.9488105077942",2012-09-16,"transect"
"2400","-77.0235701423676","38.9455380162417",2012-09-19,"transect"
"2849","-77.0098559288767","38.9428714299465",2012-09-22,"transect"
"1035","-77.0229467690271","38.9508708879327",2012-09-25,"transect"
"10303","-77.0653361561807","38.9098944415826",2012-09-26,"transect"
"6976","-77.0305830924482","38.9250512112012",2012-09-29,"transect"
"3318","-77.016557192287","38.9406896029218",2012-09-30,"transect"
"7690","-77.0220117090163","38.9218988697719",2012-10-02,"transect"
"5191","-77.0168688789573","38.9325677678293",2012-10-04,"transect"
"3570","-77.0266870090701","38.9391137972043",2012-10-05,"transect"
"5417","-77.0460115826254","38.9317191642261",2012-10-11,"transect"
"8559","-77.0355700791721","38.9175338581047",2012-10-12,"transect"
"2001","-77.0308947791184","38.9474772887315",2012-10-14,"transect"
"2238","-77.0154662889411","38.9463864544838",2012-10-15,"transect"
"1874","-77.014063698925","38.9480833005048",2012-10-17,"transect"
"11126","-77.068141336213","38.9060137881239",2012-10-18,"transect"
"395","-77.0089208688659","38.953052401623",2012-10-25,"transect"
"11512","-77.0294921891023","38.9044372120593",2012-10-26,"transect"
"1010","-77.0170247222924","38.9509920848993",2012-10-27,"transect "
"10336","-77.0659595295213","38.9096519069565",2012-11-02,"transect"
"7341","-77.0533362193762","38.9234750579946",2012-11-04,"transect"
"10770","-77.0661153728564","38.9072265151185",2012-11-05,"transect"
"2569","-77.0338558024857","38.9444471521529",2012-11-06,"transect"
"9764","-77.030427249113","38.9128047924558",2012-11-07,"transect"
"4453","-77.0313623091238","38.9355984120997",2012-11-18,"transect"
"10153","-77.0636218794944","38.9107433062476",2012-11-21,"transect"
"8740","-77.0307389357833","38.9166850746543",2012-11-23,"TRANSECT"
"11248","-77.0238818290378","38.9054074168578",2012-11-25,"transect"
"4876","-77.0246610457135","38.9335375880862",2012-11-27,"transect"
"11784","-77.0393103192151","38.9032244374163",2012-11-29,"transect"
"8026","-77.0377518858638","38.9202013971419",2012-11-29,"transect"
"1701","-77.0132844822494","38.9486893070974",2012-12-01,"transect"
"5912","-77.0207649623353","38.9296582274906",2012-12-08,"transect"
"1389","-77.0245052023783","38.9497801059081",2012-12-21,"transect"
"7948","-77.0541154360518","38.9204438957182",2012-12-22,"transect"
"306","-77.0229467690271","38.9541431332884",2012-12-25,"transect"
"6320","-77.0495959793332","38.9278397041713",2012-12-25,"transect"
"8256","-77.0485050759874","38.918988891829",2012-12-26,"transect"
"4589","-77.007674122185","38.9349922936062",2012-12-27,"transect"
"4315","-77.0396220058853","38.9360833031645",2012-12-31,"transect"
"8750","-77.0567647727489","38.9165638190469",2013-01-01,"transect"
"4778","-77.019050685649","38.9339012672636",2013-01-02,"transect"
"8718","-77.0305830924482","38.9168063300545",2013-01-06,"transect"
"3038","-77.017803938968","38.9419017373356",2013-01-09,"transect"
"5831","-77.0246610457135","38.93002192656",2013-01-11,"transect"
"9011","-77.0243493590432","38.9157150239942",2013-01-12,"transect"
"1688","-77.019050685649","38.9486893070974",2013-01-15,"transect"
"6937","-77.0382194158692","38.9251724523052",2013-01-19,"transect"
"3343","-77.019050685649","38.9405683883407",2013-01-25,"transect"
"4088","-77.0226350823568","38.9369318545503",2013-01-28,"transect"
"1777","-77.0137520122548","38.9484469050821",2013-01-31,"transect"
"2226","-77.031673995794","38.9463864544838",2013-02-02,"transect"
"11589","-77.0355700791721","38.9040733818416",2013-02-10,"transect"
"4732","-77.0181156256383","38.9341437190124",2013-02-11,"transect"
"45","-77.0207649623353","38.9572940415813",2013-02-11,"Transect1"
"234","-77.0123494222387","38.9552338481671",2013-02-15,"transect"
"6700","-77.0419596559122","38.9262636129171",2013-02-15,"transect"
"1623","-77.0139078555899","38.9489317082837",2013-02-18,"transect"
"9055","-77.0481933893171","38.9154725092573",2013-02-18,"transect"
"2441","-77.032920742475","38.9451743967438",2013-02-19,"transect"
"3771","-77.0184273123085","38.9382652719278",2013-02-21,"transect"
"3715","-77.0402453792258","38.9383864904461",2013-03-04,"transect"
"10235","-77.0358817658424","38.9103795083485",2013-03-07,"transect"
"3487","-77.0148429156006","38.9397198804708",2013-03-07,"transect"
"2547","-77.0176480956329","38.9445683601028",2013-03-08,"transect"
"10275","-77.0355700791721","38.9101369753798",2013-03-12,"transect"
"3404","-77.0248168890486","38.9402047433541",2013-03-17,"transect"
"1737","-77.0135961689196","38.9485681061933",2013-03-19,"transect"
"4441","-77.0087650255308","38.9357196351767",2013-03-19,"transect"
"316","-77.0262194790647","38.9540219417101",2013-03-21,"transect"
"5599","-77.0291805024321","38.9311130125789",2013-03-22,"transect"
"9275","-77.0495959793332","38.9147449600743",2013-03-23,"transect"
"9021","-77.0552063393977","38.9155937667293",2013-03-24,"transect"
"1807","-77.0118818922333","38.9483257037636",2013-03-28,"transect"
"3969","-77.0363492958477","38.9375379564666",2013-04-01,"transect1"
"10816","-77.069388082894","38.9069839713769",2013-04-04,"transect"
"8522","-77.0531803760411","38.9176551120546",2013-04-05,"transect"
"7581","-77.0439856192688","38.922383854493",2013-04-09,"transect"
"3179","-77.0372843558585","38.941295672719",2013-04-09,"transect"
"11036","-77.0351025491667","38.9063776083975",2013-04-11,"transect"
"2153","-77.0252844190539","38.9467500677648",2013-04-11,"transect"
"9831","-77.0299597191077","38.9124410051227",2013-04-12,"transect"
"11243","-77.0260636357296","38.9054074168578",2013-04-13,"transect"
"5549","-77.0078299655201","38.9313554738594",2013-04-13,"transect"
"4087","-77.0246610457135","38.9369318545503",2013-04-16,"transect"
"10636","-77.022790925692","38.9078328708469",2013-04-17,"transect"
"1786","-77.0305830924482","38.9483257037636",2013-04-18,"transect"
"11464","-77.0307389357833","38.9045584883842",2013-04-23,"transect_2"
"9256","-77.0265311657349","38.9148662187894",2013-04-26,"transect"
"8086","-77.0400895358907","38.9199588977368",2013-05-08,"transect"
"9008","-77.037907729199","38.9157150239942",2013-05-08,"transect"
"11299","-77.0209208056705","38.905286141983",2013-05-10,"Transect5"
"1903","-77.0162455056168","38.9479620985646",2013-05-11,"transect"
"3653","-77.0148429156006","38.9387501447577",2013-05-12,"transect"
"1643","-77.0209208056705","38.9488105077942",2013-05-15,"transect"
"10478","-77.0347908624965","38.9088030292396",2013-05-21,"transect"
"5149","-77.0098559288767","38.9326889960867",2013-05-24,"transect"
"9065","-77.0375960425287","38.9154725092573",2013-06-06,"transect"
"6523","-77.040401222561","38.9271122817898",2013-06-08,"transect"
"1532","-77.0298038757725","38.9491741086412",2013-06-10,"transect"
"352","-77.0095442422064","38.9532947878882",2013-06-12,"transect"
"2705","-77.0349467058316","38.9435986907012",2013-06-12,"transect"
"6549","-77.0435180892634","38.926991044001",2013-06-20,"transect"
"11525","-77.0241935157081","38.9044372120593",2013-06-21,"Transect3"
"11165","-77.0073624355147","38.905892514285",2013-06-22,"transect"
"10813","-77.0143753855953","38.9071052433513",2013-06-22,"transect"
"4165","-77.0251285757188","38.9366894123333",2013-06-27,"transect"
"5094","-77.0174922522977","38.9328102241368",2013-07-01,"transect"
"6341","-77.0135961689196","38.9278397041713",2013-07-02,"transect"
"6981","-77.0107909888874","38.9250512112012",2013-07-07,"transect"
"2044","-77.0273103824106","38.9472348825715",2013-07-08,"transect"
"10597","-77.0679854928779","38.9079541413711",2013-07-09,"transect"
"4677","-77.0411804392366","38.9343861699324",2013-07-11,"transect"
"9441","-77.0375960425287","38.914259923142",2013-07-23,"transect"
"1649","-77.0139078555899","38.9488105077942",2013-07-28,"transect"
"3533","-77.0162455056168","38.9393562311325",2013-07-28,"transect"
"3609","-77.0078299655201","38.9389925799293",2013-08-14,"transect"
"7563","-77.0361934525126","38.9225051001552",2013-08-17,"transect"
"4316","-77.0360376091775","38.9360833031645",2013-08-24,"transect"
"7662","-77.0213883356759","38.9220201162629",2013-08-26,"transect"
"2550","-77.0171805656275","38.9445683601028",2013-08-26,"transect"
"3862","-77.0107909888874","38.9380228342696",2013-08-29,"transect"
"9458","-77.0294921891023","38.914259923142",2013-08-30,"transect"
"11101","-77.0335441158155","38.9061350617556",2013-09-06,"transect"
"139","-77.0231026123622","38.9566881085592",2013-09-08,"transect"
"2766","-77.0095442422064","38.9433562712785",2013-09-09,"transect"
"3697","-77.0238818290378","38.9385077087572",2013-09-16,"transect"
"721","-77.0048689421527","38.9519616531711",2013-09-17,"transect"
"7658","-77.0221675523515","38.9220201162629",2013-09-18,"thirdtransect"
"2132","-77.0181156256383","38.9468712717773",2013-09-20,"transect"
"8274","-77.0531803760411","38.9188676401582",2013-09-20,"transect"
"4409","-77.0171805656275","38.9358408580465",2013-09-20,"transect"
"7521","-77.0343233324911","38.9227475908582",2013-09-27,"transect"
"2595","-77.0146870722655","38.9443259439957",2013-09-27,"transect"
"1897","-77.0246610457135","38.9479620985646",2013-09-29,"transect"
"9975","-77.0274662257457","38.9117134248628",2013-10-12,"transect"
"6999","-77.0330765858101","38.92492996989",2013-10-12,"transect"
"11395","-77.0231026123622","38.9049223161158",2013-10-13,"Transect"
"4904","-77.0321415257994","38.9334163612794",2013-10-14,"thirdtransect"
"4397","-77.0293363457672","38.9358408580465",2013-10-18,"transect"
"11595","-77.0288688157618","38.9040733818416",2013-10-18,"transect"
"4385","-77.0425830292527","38.9358408580465",2013-10-18,"transect"
"10869","-77.0179597823031","38.9068626991954",2013-10-20,"transect"
"11412","-77.0257519490593","38.9048010404125",2013-10-24,"transect"
"11706","-77.0223233956866","38.9037095497594",2013-10-27,"transect"
"7379","-77.0358817658424","38.9233538139898",2013-10-27,"transect"
"7492","-77.0308947791184","38.9228688358989",2013-10-30,"Transect2"
"1861","-77.0167130356221","38.9480833005048",2013-11-02,"transect"
"3789","-77.0405570658961","38.9381440532024",2013-11-04,"transect"
"618","-77.0017520754503","38.9523252378536",2013-11-05,"transect"
"10141","-77.0372843558585","38.9108645717996",2013-11-10,"transect"
"1145","-77.0181156256383","38.9505072957897",2013-11-11,"transect"
"10981","-77.068141336213","38.9064988814078",2013-11-16,"transect"
"6339","-77.0184273123085","38.9278397041713",2013-11-17,"transect"
"8103","-77.0499076660035","38.9198376477235",2013-11-17,"TRANSECT"
"6366","-77.0257519490593","38.9277184676257",2013-11-23,"transect"
"283","-77.0114143622279","38.9545067067798",2013-11-25,"transect1"
"9265","-77.0578556760948","38.9147449600743",2013-11-26,"transect"
"8518","-77.0556738694031","38.9176551120546",2013-12-01,"transect"
"11095","-77.0686088662184","38.9061350617556",2013-12-06,"transect"
"133","-77.0151546022709","38.9568092955781",2013-12-10,"transect"
"4460","-77.0226350823568","38.9355984120997",2013-12-19,"transect"
"6938","-77.0380635725341","38.9251724523052",2013-12-20,"transect"
"9196","-77.049284292663","38.9149874772974",2013-12-20,"transect"
"3062","-77.0288688157618","38.9417805248267",2013-12-27,"transect"
"2156","-77.0201415889949","38.9467500677648",2013-12-27,"transect"
"270","-77.0115702055631","38.9547490880712",2013-12-27,"transect"
"2213","-77.016557192287","38.946507659118",2013-12-29,"transect"
"9557","-77.0396220058853","38.9138961432674",2014-01-01,"transect"
"10488","-77.0658036861861","38.9086817601656",2014-01-02,"transect"
"3641","-77.0380635725341","38.9387501447577",2014-01-08,"Transect1"
"3189","-77.0280895990862","38.941295672719",2014-01-09,"transect"
"4171","-77.0195182156544","38.9366894123333",2014-01-09,"transect"
"11790","-77.0347908624965","38.9032244374163",2014-01-14,"transect"
"3679","-77.0160896622816","38.9386289268611",2014-01-16,"transect"
"9969","-77.036660982518","38.9117134248628",2014-01-17,"transect"
"9438","-77.0397778492205","38.914259923142",2014-01-27,"transect"
"7301","-77.0107909888874","38.9237175453824",2014-02-01,"transect"
"6059","-77.0137520122548","38.9289308237574",2014-02-03,"transect"
"10450","-77.0653361561807","38.9089242981064",2014-02-04,"transect"
"3829","-77.0383752592043","38.9380228342696",2014-02-11,"transect"
"8997","-77.0396220058853","38.9157150239942",2014-02-11,"transect"
"6687","-77.0210766490056","38.9263848519491",2014-02-12,"second_transect"
"5222","-77.0340116458209","38.9324465393648",2014-02-16,"transect"
"3773","-77.0167130356221","38.9382652719278",2014-02-22,"transect"
"8081","-77.0488167626576","38.9199588977368",2014-02-28,"transect"
"8547","-77.0550504960626","38.9175338581047",2014-03-02,"transect"
"7990","-77.0481933893171","38.9203226465336",2014-03-04,"transect"
"309","-77.0218558656812","38.9541431332884",2014-03-08,"transect"
"3090","-77.0290246590969","38.9416593121106",2014-03-10,"transect"
"10717","-77.016557192287","38.9074690580314",2014-03-16,"transect"
"8054","-77.0486609193225","38.9200801475429",2014-03-17,"transect"
"8419","-77.0548946527275","38.9181401257822",2014-03-18,"transect"
"83","-77.0217000223461","38.9570516689942",2014-03-25,"transect"
"4485","-77.0377518858638","38.9354771888154",2014-03-25,"transect"
"8793","-77.0534920627114","38.9163213072106",2014-03-27,"transect"
"1505","-77.007674122185","38.9494165081697",2014-04-01,"transect"
"663","-77.0009728587746","38.9522040431666",2014-04-05,"thirdtransect"
"5889","-77.0098559288767","38.9297794607209",2014-04-09,"transect"
"9252","-77.0344791758262","38.9148662187894",2014-04-11,"transect"
"5385","-77.02029743233","38.9319616234345",2014-04-13,"transect"
"10004","-77.0273103824106","38.911592160761",2014-04-15,"transect"
"1103","-77.024037672373","38.9506284933779",2014-04-19,"transect"
"8365","-77.0171805656275","38.9185038839026",2014-04-25,"transect"
"6002","-77.0319856824643","38.9291732924973",2014-04-26,"transect"
"8881","-77.0489726059928","38.9159575379023",2014-04-28,"transect"
"8768","-77.0567647727489","38.9164425632324",2014-05-01,"transect"
"1424","-77.0288688157618","38.9496589068692",2014-05-06,"transect"
"11542","-77.0269986957403","38.9043159355272",2014-05-12,"transect"
"7486","-77.0321415257994","38.9228688358989",2014-05-17,"transect"
"4553","-77.0432064025932","38.9351135177193",2014-05-19,"transect"
"2788","-77.0347908624965","38.943113851027",2014-05-22,"transect"
"5592","-77.0363492958477","38.9311130125789",2014-05-23,"transect"
"1576","-77.0206091190002","38.9490529085661",2014-05-28,"transect"
"3453","-77.014063698925","38.9399623123269",2014-05-28,"transect"
"1851","-77.0305830924482","38.9480833005048",2014-05-29,"transect"
"9099","-77.0372843558585","38.9153512515781",2014-05-30,"transect"
"4304","-77.0109468322226","38.9362045254127",2014-05-30,"transect_2"
"10149","-77.0265311657349","38.9108645717996",2014-06-13,"transect"
"10560","-77.066894589532","38.908196681798",2014-06-14,"transect"
"9425","-77.0584790494353","38.914259923142",2014-06-16,"transect"
"5235","-77.0193623723192","38.9324465393648",2014-06-18,"transect"
"11350","-77.02029743233","38.9051648669011",2014-06-19,"transect"
"5055","-77.0171805656275","38.9329314519798",2014-06-19,"transect"
"11511","-77.0296480324374","38.9044372120593",2014-06-20,"transect"
"11484","-77.0245052023783","38.9045584883842",2014-06-21,"transect"
"175","-77.0237259857027","38.956082170356",2014-06-23,"transect"
"756","-77.0053364721581","38.9518404578625",2014-06-26,"transect"
"6805","-77.0418038125771","38.9257786547171",2014-06-27,"transect"
"9859","-77.0620634461432","38.9121984791981",2014-07-01,"transect"
"3372","-77.0082974955255","38.9404471735524",2014-07-13,"transect"
"5751","-77.0375960425287","38.9303856237645",2014-07-15,"transect"
"746","-77.0128169522441","38.9518404578625",2014-07-20,"transect"
"11531","-77.0226350823568","38.9044372120593",2014-07-22,"transect"
"11374","-77.0220117090163","38.9050435916121",2014-07-27,"transect"
"4843","-77.0157779756114","38.9336588146859",2014-07-31,"transect"
"7351","-77.040401222561","38.9234750579946",2014-07-31,"transect"
"9894","-77.055518026068","38.9120772159251",2014-08-02,"Transect4"
"3494","-77.034167489156","38.939598664232",2014-08-06,"second_transect"
"4105","-77.0171805656275","38.9369318545503",2014-08-14,"Transect"
"10231","-77.0612842294675","38.9103795083485",2014-08-21,"transect"
"8603","-77.0195182156544","38.9174126039476",2014-08-21,"transect"
"10161","-77.0606608561271","38.9107433062476",2014-08-22,"transect"
"2698","-77.0103234588821","38.9437199001017",2014-08-23,"transect"
"7998","-77.0326090558048","38.9203226465336",2014-08-27,"transect"
"7525","-77.0117260488982","38.9227475908582",2014-08-28,"transect"
"7534","-77.0449206792796","38.9226263456103",2014-08-29,"transect"
"9738","-77.0388427892097","38.9129260544858",2014-08-31,"transect"
"10135","-77.0609725427973","38.9108645717996",2014-09-01,"Transect5"
"11603","-77.0249727323837","38.9040733818416",2014-09-03,"transect"
"2324","-77.0131286389143","38.9460228393377",2014-09-03,"transect"
"2985","-77.0125052655738","38.9421441617317",2014-09-08,"transect"
"2665","-77.0092325555362","38.943962318281",2014-09-12,"transect"
"11770","-77.0294921891023","38.9033457158128",2014-09-15,"transect"
"5591","-77.0419596559122","38.9311130125789",2014-09-15,"transect"
"6186","-77.0107909888874","38.9284458837912",2014-09-16,"transect"
"662","-77.0019079187854","38.9522040431666",2014-09-20,"transect "
"2613","-77.0187389989788","38.9442047356314",2014-09-20,"transect"
"8031","-77.0326090558048","38.9202013971419",2014-09-21,"transects"
"5726","-77.0474141726415","38.9305068557516",2014-09-21,"transect"
"9284","-77.0358817658424","38.9147449600743",2014-09-24,"transect"
"2961","-77.0112585188928","38.9422653736189",2014-09-30,"transect"
"9329","-77.059414109446","38.9145024420225",2014-09-30,"Transect2"
"5272","-77.0269986957403","38.932325310693",2014-09-30,"transect"
"948","-77.0271545390754","38.9511132816586",2014-10-01,"transect "
"4689","-77.0078299655201","38.9343861699324",2014-10-02,"transect"
"5117","-77.0347908624965","38.9326889960867",2014-10-03,"TRANSECT"
"990","-77.0078299655201","38.9511132816586",2014-10-08,"transect"
"847","-77.0095442422064","38.9514768706931",2014-10-08,"transect"
"9997","-77.0365051391829","38.911592160761",2014-10-11,"transect"
"6153","-77.0082974955255","38.9285671190935",2014-10-15,"transect"
"2185","-77.0145312289304","38.946628863545",2014-10-17,"transect"
"1425","-77.0251285757188","38.9496589068692",2014-10-20,"transect"
"1347","-77.0070507488445","38.9500225033643",2014-10-25,"transect"
"7335","-77.0217000223461","38.9235963017921",2014-10-28,"transect"
"6303","-77.0332324291453","38.9279609405097",2014-11-03,"transect"
"3730","-77.0210766490056","38.9383864904461",2014-11-07,"transect"
"9901","-77.0279337557511","38.9120772159251",2014-11-11,"transect"
"6017","-77.0079858088552","38.9291732924973",2014-11-15,"transect"
"5418","-77.0436739325985","38.9317191642261",2014-11-16,"transect"
"6968","-77.0327648991399","38.9250512112012",2014-11-16,"transect"
"8741","-77.0305830924482","38.9166850746543",2014-11-27,"transect"
"6931","-77.0436739325985","38.9251724523052",2014-11-30,"transect"
"1644","-77.0207649623353","38.9488105077942",2014-11-30,"transect"
"2639","-77.0139078555899","38.9440835270598",2014-12-03,"transect"
"1639","-77.0255961057242","38.9488105077942",2014-12-10,"transect"
"10139","-77.0600374827865","38.9108645717996",2014-12-11,"transect"
"498","-77.015310445606","38.9528100145288",2014-12-12,"transect"
"6076","-77.0294921891023","38.9288095890766",2014-12-13,"transect"
"10331","-77.0271545390754","38.9097731743731",2014-12-15,"transect"
"3758","-77.0248168890486","38.9382652719278",2014-12-19,"transect"
"11008","-77.0142195422602","38.9064988814078",2014-12-24,"transect"
"5764","-77.0084533388606","38.9303856237645",2014-12-25,"transect"
"5015","-77.0307389357833","38.9330526796155",2014-12-26,"transect"
"2713","-77.0174922522977","38.9435986907012",2014-12-30,"transect"
"938","-77.0037780388069","38.9512344782107",2015-01-05,"transect"
"3348","-77.0137520122548","38.9405683883407",2015-01-07,"transect"
"9923","-77.036660982518","38.9119559524448",2015-01-10,"transect"
"9317","-77.037907729199","38.914623701152",2015-01-15,"transect"
"6581","-77.0358817658424","38.926869806005",2015-01-16,"transect"
"10726","-77.0145312289304","38.9074690580314",2015-01-20,"transect"
"9353","-77.0344791758262","38.9145024420225",2015-01-29,"transect"
"6227","-77.0405570658961","38.9282034125648",2015-01-29,"transect"
"4380","-77.0087650255308","38.9359620807091",2015-01-31,"transect"
"11249","-77.0213883356759","38.9054074168578",2015-02-03,"thirdtransect"
"10433","-77.0633101928242","38.909045566766",2015-02-03,"transect"
"2828","-77.0351025491667","38.9428714299465",2015-02-04,"transect"
"11189","-77.014063698925","38.9057712402389",2015-02-06,"transect"
"8900","-77.0235701423676","38.9159575379023",2015-02-10,"transect"
"6508","-77.0181156256383","38.9272335193714",2015-02-20,"transect"
"11815","-77.0020637621205","38.9032244374163",2015-02-21,"transect"
"2421","-77.0117260488982","38.9454168099497",2015-02-22,"transect"
"9014","-77.05801151943","38.9155937667293",2015-02-26,"Transect"
"595","-77.0143753855953","38.9523252378536",2015-02-28,"transect"
"1753","-77.0243493590432","38.9484469050821",2015-03-06,"transect"
"6518","-77.0483492326523","38.9271122817898",2015-03-08,"transect"
"5632","-77.0206091190002","38.9309917816278",2015-03-09,"transect"
"735","-77.0229467690271","38.9518404578625",2015-03-09,"transect"
"3831","-77.0365051391829","38.9380228342696",2015-03-13,"transect"
"5841","-77.0078299655201","38.93002192656",2015-03-14,"transect"
"11653","-77.0226350823568","38.903952104688",2015-03-20,"transect"
"2320","-77.015310445606","38.9460228393377",2015-03-22,"transect"
"2566","-77.0095442422064","38.9445683601028",2015-03-24,"transect"
"11579","-77.0223233956866","38.904194658788",2015-03-28,"transect"
"6112","-77.0235701423676","38.9286883541887",2015-03-30,"transect"
"5066","-77.007674122185","38.9329314519798",2015-04-04,"transect1"
"6903","-77.0514660993547","38.925293693202",2015-04-05,"transect "
"4574","-77.0425830292527","38.9349922936062",2015-04-08,"transect"
"255","-77.0241935157081","38.9549914685337",2015-04-14,"transect"
"4056","-77.0213883356759","38.937053075348",2015-04-18,"transect"
"2263","-77.0128169522441","38.9462652496423",2015-04-20,"transect"
"5353","-77.0217000223461","38.9320828527279",2015-04-21,"Transect5"
"1697","-77.016557192287","38.9486893070974",2015-04-24,"transect"
"11535","-77.0347908624965","38.9043159355272",2015-04-26,"transect"
"3316","-77.0245052023783","38.9406896029218",2015-04-28,"Transect4"
"7976","-77.0231026123622","38.9204438957182",2015-04-30,"transect"
"5406","-77.021544179011","38.9318403939339",2015-05-04,"transect"
"3917","-77.0212324923407","38.9377803957825",2015-05-11,"transect"
"4037","-77.0187389989788","38.9371742959385",2015-05-15,"transect"
"4703","-77.0241935157081","38.934264944576",2015-05-15,"transect"
"5504","-77.019050685649","38.9314767041888",2015-05-19,"transect"
"3007","-77.0176480956329","38.9420229496372",2015-05-20,"transect"
"9546","-77.0570764594192","38.9138961432674",2015-05-29,"transect"
"5136","-77.0207649623353","38.9326889960867",2015-05-31,"transect"
"891","-77.0112585188928","38.9513556745555",2015-06-04,"transect"
"4892","-77.0078299655201","38.9335375880862",2015-06-04,"transect"
"1610","-77.0201415889949","38.9489317082837",2015-06-05,"transect"
"880","-77.0160896622816","38.9513556745555",2015-06-07,"transect"
"9482","-77.0508427260142","38.914138663391",2015-06-10,"transect"
"10745","-77.0243493590432","38.9073477866785",2015-06-11,"transect"
"5158","-77.0380635725341","38.9325677678293",2015-06-13,"TRANSECT"
"855","-77.0075182788498","38.9514768706931",2015-06-17,"transect"
"11089","-77.0700114562345","38.9061350617556",2015-06-19,"transect"
"7267","-77.0531803760411","38.9237175453824",2015-06-22,"transect"
"3337","-77.0355700791721","38.9405683883407",2015-06-25,"transect"
"4404","-77.0220117090163","38.9358408580465",2015-06-25,"transect"
"1879","-77.0128169522441","38.9480833005048",2015-06-27,"transect"
"11581","-77.002687135461","38.904194658788",2015-07-02,"transect"
"4258","-77.0302714057779","38.9363257474537",2015-07-02,"transect"
"7598","-77.0494401359981","38.9222626086235",2015-07-04,"transect"
"462","-77.0061156888337","38.9529312081795",2015-07-06,"transect"
"7647","-77.0483492326523","38.9220201162629",2015-07-09,"transect"
"7787","-77.0322973691345","38.9214138817357",2015-07-11,"transect"
"8766","-77.021544179011","38.9165638190469",2015-07-11,"transect"
"3571","-77.0254402623891","38.9391137972043",2015-07-11,"transect"
"10476","-77.0363492958477","38.9088030292396",2015-07-15,"transect"
"3254","-77.0173364089626","38.9410532454218",2015-07-16,"Transect3"
"4596","-77.0386869458746","38.9348710692859",2015-07-17,"transect"
"7261","-77.0174922522977","38.9238387887656",2015-07-27,"transect"
"129","-77.0187389989788","38.9568092955781",2015-07-28,"transect"
"5613","-77.0123494222387","38.9311130125789",2015-08-01,"transect"
"11206","-77.0184273123085","38.9056499659857",2015-08-04,"transect"
"4527","-77.0220117090163","38.9353559653239",2015-08-05,"transect"
"10472","-77.0636218794944","38.9088030292396",2015-08-05,"transect "
"9104","-77.0254402623891","38.9153512515781",2015-08-06,"transect"
"8796","-77.0489726059928","38.9163213072106",2015-08-10,"transect"
"4475","-77.0093883988713","38.9355984120997",2015-08-11,"transect"
"5161","-77.0355700791721","38.9325677678293",2015-08-13,"transect"
"5815","-77.048037545982","38.93002192656",2015-08-14,"transect"
"5076","-77.0368168258531","38.9328102241368",2015-08-15,"transect"
"5073","-77.040401222561","38.9328102241368",2015-08-17,"transect"
"7281","-77.0400895358907","38.9237175453824",2015-08-20,"transect"
"11730","-77.03915447588","38.9034669940022",2015-08-21,"transect"
"7615","-77.0120377355684","38.9222626086235",2015-08-22,"transect"
"1974","-77.0082974955255","38.9477196940625",2015-08-23,"transect"
"952","-77.0265311657349","38.9511132816586",2015-08-26,"transect"
"3357","-77.0380635725341","38.9404471735524",2015-09-03,"transect"
"11737","-77.032920742475","38.9034669940022",2015-09-06,"transect"
"5767","-77.0477258593118","38.9302643915702",2015-09-09,"transect"
"5794","-77.037907729199","38.9301431591687",2015-09-12,"transect"
"7565","-77.0312064657886","38.9225051001552",2015-09-13,"transect"
"7069","-77.0220117090163","38.9246874866461",2015-09-14,"transect"
"862","-77.0061156888337","38.9514768706931",2015-09-15,"transect"
"1844","-77.0100117722118","38.9482045022378",2015-09-16,"transect"
"2307","-77.0277779124159","38.9460228393377",2015-09-20,"transect"
"1478","-77.0288688157618","38.9494165081697",2015-09-22,"transect"
"7681","-77.0432064025932","38.9218988697719",2015-09-23,"transect"
"970","-77.0167130356221","38.9511132816586",2015-09-24,"transect"
"976","-77.0157779756114","38.9511132816586",2015-09-24,"transect"
"2","-77.0193623723192","38.9576575989075",2015-09-25,"transect"
"5250","-77.0453882092849","38.932325310693",2015-09-28,"transect"
"5155","-77.0430505592581","38.9325677678293",2015-10-03,"transect"
"4268","-77.0193623723192","38.9363257474537",2015-10-05,"Transect5"
"10540","-77.0673621195374","38.9083179517006",2015-10-10,"transect"
"9496","-77.0310506224535","38.914138663391",2015-10-14,"transect"
"7514","-77.036660982518","38.9227475908582",2015-10-15,"transect"
"5346","-77.0276220690808","38.9320828527279",2015-10-16,"transect"
"421","-77.0017520754503","38.953052401623",2015-10-17,"transect"
"10415","-77.063154349489","38.9091668352184",2015-10-18,"transect"
"2414","-77.0318298391291","38.9454168099497",2015-10-24,"transect"
"1327","-77.0157779756114","38.9500225033643",2015-10-25,"transect"
"8553","-77.0506868826791","38.9175338581047",2015-10-28,"transect"
"8827","-77.0315181524589","38.9162000509817",2015-10-31,"transect"
"1597","-77.0087650255308","38.9490529085661",2015-10-31,"transects"
"11355","-77.0327648991399","38.9050435916121",2015-11-02,"transect"
"2053","-77.015310445606","38.9472348825715",2015-11-04,"transect"
"1837","-77.0149987589358","38.9482045022378",2015-11-09,"transect"
"2644","-77.0100117722118","38.9440835270598",2015-11-09,"transect"
"3176","-77.0086091821957","38.9414168860568",2015-11-11,"transect"
"2658","-77.0135961689196","38.943962318281",2015-11-18,"transect"
"9645","-77.0522453160304","38.9134111005341",2015-11-18,"transect"
"5660","-77.0170247222924","38.9308705504696",2015-11-23,"transect"
"11039","-77.0335441158155","38.9063776083975",2015-11-27,"transect_2"
"670","-77.0226350823568","38.9520828482725",2015-12-01,"transect"
"2409","-77.0090767122011","38.9455380162417",2015-12-02,"transect"
"6512","-77.0173364089626","38.9272335193714",2015-12-04,"transect"
"2621","-77.0137520122548","38.9442047356314",2015-12-09,"transect"
"9917","-77.0562972427436","38.9119559524448",2015-12-12,"transect"
"4907","-77.0284012857564","38.9334163612794",2015-12-13,"transect"
"7726","-77.0536479060465","38.9216563761682",2015-12-16,"transect1"
"10089","-77.0598816394514","38.9111071022821",2015-12-29,"transect"
"8941","-77.0408687525663","38.9158362810518",2016-01-01,"transect"
"9309","-77.0499076660035","38.914623701152",2016-01-03,"transect"
"997","-77.0290246590969","38.9509920848993",2016-01-06,"transect"
"7241","-77.0471024859713","38.9238387887656",2016-01-11,"transect"
"3157","-77.0269986957403","38.9414168860568",2016-01-11,"transect"
"10682","-77.0246610457135","38.9075903291771",2016-01-13,"Transect"
"9688","-77.05801151943","38.9131685779243",2016-01-15,"transect"
"2340","-77.0179597823031","38.9459016338746",2016-01-17,"transect"
"1883","-77.0103234588821","38.9480833005048",2016-01-19,"transect"
"3484","-77.0195182156544","38.9397198804708",2016-01-21,"transect"
"7656","-77.0326090558048","38.9220201162629",2016-01-25,"transect"
"2025","-77.0231026123622","38.9473560857551",2016-01-27,"transect"
"4720","-77.0355700791721","38.9341437190124",2016-01-28,"transect"
"4298","-77.0193623723192","38.9362045254127",2016-01-29,"transect"
"3125","-77.022790925692","38.9415380991873",2016-01-31,"transect"
"6811","-77.0374401991936","38.9257786547171",2016-02-03,"transect"
"8806","-77.0232584556973","38.9163213072106",2016-02-04,"transect"
"8893","-77.0407129092312","38.9159575379023",2016-02-04,"transect "
"6919","-77.0276220690808","38.925293693202",2016-02-13,"transect"
"1164","-77.0143753855953","38.9505072957897",2016-02-14,"transect"
"2316","-77.0176480956329","38.9460228393377",2016-02-16,"transect"
"284","-77.0112585188928","38.9545067067798",2016-02-26,"transect"
"5072","-77.0418038125771","38.9328102241368",2016-02-27,"transect"
"4229","-77.0301155624428","38.9364469692875",2016-02-28,"transect"
"11239","-77.0266870090701","38.9054074168578",2016-03-08,"transect"
"5446","-77.0463232692957","38.9315979343111",2016-03-08,"transect"
"10532","-77.0346350191614","38.9084392213961",2016-03-20,"transect"
"10093","-77.0375960425287","38.9111071022821",2016-03-25,"transect"
"9789","-77.0302714057779","38.9126835302186",2016-03-26,"transect"
"6169","-77.0332324291453","38.9284458837912",2016-03-30,"transect"
"8613","-77.0516219426899","38.9172913495834",2016-04-01,"transect"
"6917","-77.0279337557511","38.925293693202",2016-04-02,"transect"
"7621","-77.0483492326523","38.9221413625468",2016-04-05,"transect"
"11404","-77.0324532124696","38.9048010404125",2016-04-06,"transect"
"6270","-77.0229467690271","38.9280821766408",2016-04-08,"transect"
"10381","-77.0625309761485","38.9094093715018",2016-04-12,"transect"
"5814","-77.007674122185","38.9301431591687",2016-04-13,"transect"
"4866","-77.0336999591506","38.9335375880862",2016-04-16,"transect"
"715","-77.007674122185","38.9519616531711",2016-04-19,"transect"
"7208","-77.0226350823568","38.9240812749103",2016-04-22,"transect"
"860","-77.006427375504","38.9514768706931",2016-04-24,"transect"
"5819","-77.0433622459283","38.93002192656",2016-05-12,"transect"
"9845","-77.0553621827328","38.912319742264",2016-05-17,"Transect1"
"3017","-77.0118818922333","38.9420229496372",2016-05-20,"Transect1"
"7176","-77.0377518858638","38.9242025176718",2016-05-20,"transect"
"1193","-77.0171805656275","38.9503860979942",2016-05-20,"transect"
"8716","-77.0485050759874","38.9168063300545",2016-05-26,"second_transect"
"3329","-77.0104793022172","38.9406896029218",2016-05-26,"transect"
"5115","-77.0355700791721","38.9326889960867",2016-05-29,"transect"
"6362","-77.0336999591506","38.9277184676257",2016-06-03,"transect"
"9902","-77.0277779124159","38.9120772159251",2016-06-04,"transect"
"180","-77.0238818290378","38.9559609820936",2016-06-05,"transect"
"4800","-77.0294921891023","38.9337800410783",2016-06-05,"transect"
"8958","-77.0241935157081","38.9158362810518",2016-06-06,"transect"
"5797","-77.0307389357833","38.9301431591687",2016-06-11,"transect"
"9383","-77.0573881460895","38.9143811826859",2016-06-14,"transect"
"3093","-77.0266870090701","38.9416593121106",2016-06-17,"transect"
"10863","-77.0212324923407","38.9068626991954",2016-06-20,"transect"
"1942","-77.0101676155469","38.9478408964172",2016-06-22,"transect"
"10156","-77.0620634461432","38.9107433062476",2016-06-26,"transect"
"7293","-77.0226350823568","38.9237175453824",2016-07-01,"transect"
"3114","-77.0361934525126","38.9415380991873",2016-07-03,"transect"
"11062","-77.068141336213","38.9062563351801",2016-07-05,"transect"
"3881","-77.0245052023783","38.9379016151297",2016-07-10,"first_transect"
"10582","-77.065647842851","38.9080754116881",2016-07-13,"transect"
"3237","-77.0321415257994","38.9410532454218",2016-07-14,"transect"
"3635","-77.0078299655201","38.9388713624471",2016-07-15,"transect"
"11794","-77.0326090558048","38.9032244374163",2016-07-18,"transect"
"8986","-77.0435180892634","38.9157150239942",2016-07-19,"transect"
"9280","-77.0399336925556","38.9147449600743",2016-07-21,"transect"
"10544","-77.0653361561807","38.9083179517006",2016-07-21,"transect"
"3450","-77.0164013489519","38.9399623123269",2016-07-22,"transect"
"4176","-77.0111026755577","38.9366894123333",2016-07-23,"transect"
"5728","-77.04554405262","38.9305068557516",2016-07-23,"transect"
"9054","-77.0488167626576","38.9154725092573",2016-07-27,"transect"
"8314","-77.0164013489519","38.9187463882801",2016-07-29,"transect"
"10134","-77.0611283861324","38.9108645717996",2016-08-05,"transect"
"7978","-77.0143753855953","38.9204438957182",2016-08-09,"transect"
"9957","-77.0608166994622","38.9117134248628",2016-08-10,"transect"
"2002","-77.0296480324374","38.9474772887315",2016-08-19,"transect"
"4084","-77.0260636357296","38.9369318545503",2016-08-21,"transect"
"5447","-77.0461674259605","38.9315979343111",2016-08-25,"transect"
"11428","-77.0340116458209","38.9046797645019",2016-08-25,"transect"
"239","-77.024037672373","38.955112658454",2016-08-25,"transect"
"3552","-77.0204532756651","38.939235014272",2016-08-28,"transect"
"6149","-77.014063698925","38.9285671190935",2016-08-28,"transect"
"501","-77.0086091821957","38.9528100145288",2016-08-30,"transect"
"7789","-77.0234142990325","38.9214138817357",2016-09-06,"transect"
"9269","-77.0567647727489","38.9147449600743",2016-09-09,"transect"
"8425","-77.0500635093386","38.9181401257822",2016-09-10,"second_transect"
"2512","-77.0148429156006","38.9446895678454",2016-09-13,"Transect5"
"5363","-77.0162455056168","38.9320828527279",2016-09-14,"transect"
"2889","-77.0104793022172","38.9426290080371",2016-09-15,"transect"
"8869","-77.022790925692","38.9160787945456",2016-09-19,"Transect"
"11433","-77.0285571290916","38.9046797645019",2016-09-25,"transect"
"9673","-77.0393103192151","38.9132898393328",2016-09-27,"transect"
"7895","-77.0531803760411","38.9206863934657",2016-10-01,"transect"
"4290","-77.0290246590969","38.9362045254127",2016-10-02,"transect"
"11606","-77.0245052023783","38.9040733818416",2016-10-03,"transect"
"2834","-77.0198299023246","38.9428714299465",2016-10-05,"transect"
"8940","-77.0410245959014","38.9158362810518",2016-10-06,"transect"
"983","-77.0146870722655","38.9511132816586",2016-10-09,"transect"
"6417","-77.0427388725878","38.927475993913",2016-10-09,"transect"
"9009","-77.0377518858638","38.9157150239942",2016-10-11,"transect"
"10915","-77.014063698925","38.9067414268067",2016-10-14,"transect"
"6535","-77.0263753223998","38.9271122817898",2016-10-22,"transect"
"3765","-77.0201415889949","38.9382652719278",2016-10-26,"transect"
"892","-77.0098559288767","38.9513556745555",2016-10-29,"transect"
"10710","-77.0338558024857","38.9074690580314",2016-10-29,"transect"
"2725","-77.0101676155469","38.9435986907012",2016-11-04,"second_transect"
"2632","-77.0330765858101","38.9440835270598",2016-11-04,"transect"
"3396","-77.0100117722118","38.9403259585569",2016-11-11,"transect"
"2881","-77.0204532756651","38.9426290080371",2016-11-14,"transect"
"5862","-77.0221675523515","38.9299006937441",2016-11-22,"transect"
"3747","-77.0405570658961","38.9382652719278",2016-11-23,"transect"
"4738","-77.007674122185","38.9341437190124",2016-11-25,"transect"
"11130","-77.0333882724804","38.9060137881239",2016-11-30,"transect"
"3468","-77.0148429156006","38.9398410965025",2016-12-03,"transect"
"11375","-77.0218558656812","38.9050435916121",2016-12-04,"transect"
"787","-77.0126611089089","38.9517192623466",2016-12-06,"transect"
"4844","-77.0156221322763","38.9336588146859",2016-12-12,"transect"
"7821","-77.0469466426362","38.9211713864745",2016-12-15,"transect3"
"10744","-77.0245052023783","38.9073477866785",2016-12-17,"transect"
"741","-77.0142195422602","38.9518404578625",2016-12-26,"transect"
"6520","-77.0424271859176","38.9271122817898",2016-12-27,"transect"
"281","-77.0255961057242","38.9545067067798",2016-12-27,"transect"
"9328","-77.0271545390754","38.914623701152",2016-12-28,"transect"
"11277","-77.0266870090701","38.905286141983",2017-01-16,"transect"
"198","-77.0249727323837","38.955597416063",2017-01-19,"Transect4"
"1938","-77.014063698925","38.9478408964172",2017-01-21,"transect"
"6622","-77.0411804392366","38.9266273293914",2017-01-21,"transect"
"6631","-77.0361934525126","38.9266273293914",2017-01-23,"transect"
"11332","-77.0249727323837","38.9051648669011",2017-01-29,"transect"
"1438","-77.0134403255845","38.9496589068692",2017-01-29,"transect"
"5068","-77.0450765226147","38.9328102241368",2017-02-13,"transects"
"7783","-77.0438297759337","38.9214138817357",2017-02-23,"transect"
"11442","-77.0249727323837","38.9046797645019",2017-02-25,"transect"
"7785","-77.0369726691882","38.9214138817357",2017-02-25,"transect"
"2747","-77.0104793022172","38.9434774810935",2017-02-26,"transect"
"118","-77.0149987589358","38.9569304823898",2017-03-02,"transect"
"10023","-77.037907729199","38.911470896452",2017-03-04,"Transect2"
"3706","-77.0112585188928","38.9385077087572",2017-03-04,"transect"
"4861","-77.0375960425287","38.9335375880862",2017-03-06,"transect"
"7184","-77.0226350823568","38.9242025176718",2017-03-06,"transect"
"7117","-77.0393103192151","38.9244450025734",2017-03-08,"transect"
"1762","-77.0176480956329","38.9484469050821",2017-03-21,"transect"
"3158","-77.0257519490593","38.9414168860568",2017-03-25,"transect"
"6783","-77.0374401991936","38.9258998945779",2017-03-27,"transect"
"6293","-77.0385311025395","38.9279609405097",2017-03-27,"transect"
"7823","-77.0444531492742","38.9211713864745",2017-03-31,"transect"
"3663","-77.0355700791721","38.9386289268611",2017-04-02,"transect"
"11754","-77.0346350191614","38.9033457158128",2017-04-03,"transect"
"6254","-77.0084533388606","38.9282034125648",2017-04-09,"transect"
"11259","-77.019050685649","38.9054074168578",2017-04-09,"transect"
"8989","-77.0430505592581","38.9157150239942",2017-04-10,"transect"
"9943","-77.0380635725341","38.9118346887574",2017-04-11,"transect"
"10877","-77.0137520122548","38.9068626991954",2017-04-15,"transect"
"9768","-77.0284012857564","38.9128047924558",2017-04-18,"transect"
"11317","-77.0327648991399","38.9051648669011",2017-04-19,"transect"
"9201","-77.0466349559659","38.9149874772974",2017-04-20,"transect"
"10410","-77.0665829028617","38.9091668352184",2017-04-23,"transect"
"2606","-77.0344791758262","38.9442047356314",2017-04-24,"transect"
"7354","-77.031673995794","38.9234750579946",2017-04-25,"transect"
"7349","-77.0407129092312","38.9234750579946",2017-05-01,"transect"
"8066","-77.0287129724267","38.9200801475429",2017-05-03,"transect"
"1148","-77.0176480956329","38.9505072957897",2017-05-04,"transect"
"6856","-77.0449206792796","38.9255361743739",2017-05-09,"transect"
"2605","-77.0093883988713","38.9443259439957",2017-05-09,"transect"
"7082","-77.0446089926093","38.9245662447133",2017-05-10,"transect"
"1657","-77.0090767122011","38.9488105077942",2017-05-10,"transect"
"4765","-77.0393103192151","38.9339012672636",2017-05-12,"transect"
"9481","-77.0566089294138","38.914138663391",2017-05-16,"transect"
"3121","-77.0291805024321","38.9415380991873",2017-05-16,"transect"
"8233","-77.0483492326523","38.9191101432926",2017-05-17,"transect"
"3351","-77.0107909888874","38.9405683883407",2017-05-18,"transects"
"2176","-77.0198299023246","38.946628863545",2017-05-18,"TRANSECT"
"9643","-77.0525570027006","38.9134111005341",2017-05-19,"transect"
"10523","-77.0665829028617","38.9084392213961",2017-05-28,"transect"
"10033","-77.0634660361593","38.9113496319359",2017-06-01,"transect"
"9702","-77.0609725427973","38.9130473163087",2017-06-08,"transect"
"5044","-77.0343233324911","38.9329314519798",2017-06-09,"transect"
"2541","-77.019050685649","38.9445683601028",2017-06-09,"transect"
"8417","-77.0552063393977","38.9181401257822",2017-06-10,"transect"
"10945","-77.0192065289841","38.9066201542108",2017-06-12,"transect"
"6162","-77.0411804392366","38.9284458837912",2017-06-13,"transect"
"177","-77.0134403255845","38.956082170356",2017-06-17,"transect"
"4330","-77.0223233956866","38.9360833031645",2017-06-19,"transect_2"
"1968","-77.0126611089089","38.9477196940625",2017-06-20,"transect"
"1890","-77.007674122185","38.9480833005048",2017-06-28,"transect"
"8399","-77.0499076660035","38.9182613786962",2017-07-01,"transect"
"5216","-77.0374401991936","38.9324465393648",2017-07-02,"transect"
"2551","-77.0170247222924","38.9445683601028",2017-07-06,"transect"
"9657","-77.0290246590969","38.9134111005341",2017-07-08,"transect"
"3414","-77.0137520122548","38.9402047433541",2017-07-09,"transect"
"10436","-77.036660982518","38.909045566766",2017-07-10,"transect"
"3586","-77.0385311025395","38.9389925799293",2017-07-11,"transect"
"6229","-77.0372843558585","38.9282034125648",2017-07-12,"transect"
"3387","-77.0154662889411","38.9403259585569",2017-07-13,"transects"
"5322","-77.0176480956329","38.932204081814",2017-07-14,"transect"
"3729","-77.0226350823568","38.9383864904461",2017-07-15,"transect"
"8521","-77.0548946527275","38.9176551120546",2017-07-15,"transect"
"559","-77.0143753855953","38.9525676266057",2017-07-20,"transect"
"6874","-77.0121935789035","38.9255361743739",2017-07-21,"transect"
"8405","-77.0478817026469","38.9182613786962",2017-07-25,"transect1"
"557","-77.015310445606","38.9525676266057",2017-07-28,"transect"
"9677","-77.0308947791184","38.9132898393328",2017-07-31,"transect"
"6421","-77.0389986325448","38.927475993913",2017-08-01,"transect"
"9618","-77.0576998327597","38.9135323615282",2017-08-01,"transect"
"4606","-77.0121935789035","38.9348710692859",2017-08-03,"transect"
"6385","-77.0397778492205","38.9275972308729",2017-08-05,"transect"
"10733","-77.0678296495427","38.9073477866785",2017-08-05,"transect"
"9863","-77.0603491694568","38.9121984791981",2017-08-11,"transect"
"337","-77.0268428524052","38.95341598071",2017-08-11,"transect"
"3293","-77.0135961689196","38.9408108172957",2017-08-12,"transect"
"3312","-77.0315181524589","38.9406896029218",2017-08-22,"transect"
"9775","-77.059414109446","38.9126835302186",2017-08-24,"TRANSECT"
"7523","-77.0128169522441","38.9227475908582",2017-08-28,"transect"
"9772","-77.0608166994622","38.9126835302186",2017-08-30,"transect"
"700","-77.0263753223998","38.9519616531711",2017-09-04,"transect"
"11554","-77.0223233956866","38.9043159355272",2017-09-08,"transect"
"818","-77.0073624355147","38.9515980666235",2017-09-08,"transect"
"10938","-77.02029743233","38.9066201542108",2017-09-12,"transect"
"7086","-77.0407129092312","38.9245662447133",2017-09-14,"transect1"
"3102","-77.0143753855953","38.9416593121106",2017-09-16,"transect"
"5262","-77.037907729199","38.932325310693",2017-09-22,"transect"
"6608","-77.0335441158155","38.9267485678018",2017-09-23,"transect"
"6989","-77.0439856192688","38.92492996989",2017-09-26,"TRANSECT"
"3439","-77.0079858088552","38.9400835279441",2017-09-26,"transect"
"887","-77.0118818922333","38.9513556745555",2017-09-28,"transect"
"846","-77.0097000855416","38.9514768706931",2017-10-03,"transect"
"2209","-77.0182714689734","38.946507659118",2017-10-06,"transect"
"8473","-77.055518026068","38.9178976193328",2017-10-06,"transect"
"1421","-77.0075182788498","38.9497801059081",2017-10-07,"transect"
"4968","-77.0446089926093","38.933173907044",2017-10-09,"transect"
"8423","-77.0516219426899","38.9181401257822",2017-10-11,"transect"
"9090","-77.0461674259605","38.9153512515781",2017-10-11,"transect"
"4125","-77.0308947791184","38.9368106335454",2017-10-13,"transect"
"9766","-77.0287129724267","38.9128047924558",2017-10-13,"Transect1"
"2928","-77.0293363457672","38.9423865852988",2017-10-17,"transect"
"5426","-77.0310506224535","38.9317191642261",2017-10-18,"transect"
"7146","-77.0394661625502","38.9243237602262",2017-10-18,"transect"
"4730","-77.0184273123085","38.9341437190124",2017-10-20,"transect"
"10866","-77.0207649623353","38.9068626991954",2017-10-24,"Transect2"
"5900","-77.0313623091238","38.9296582274906",2017-10-26,"transect"
"2919","-77.0103234588821","38.9425077967716",2017-11-08,"transect"
"3099","-77.0188948423139","38.9416593121106",2017-11-09,"transect"
"4288","-77.0318298391291","38.9362045254127",2017-11-14,"transect"
"851","-77.0081416521903","38.9514768706931",2017-11-14,"transect"
"8243","-77.0162455056168","38.9191101432926",2017-11-21,"transect"
"474","-77.0020637621205","38.9529312081795",2017-11-22,"transect"
"11642","-77.0285571290916","38.903952104688",2017-11-27,"transect"
"10734","-77.0676738062076","38.9073477866785",2017-11-28,"transect"
"7865","-77.0238818290378","38.9209288903845",2017-12-04,"transect"
"6208","-77.0229467690271","38.9283246482816",2017-12-05,"transect"
"9517","-77.059414109446","38.9140174034328",2017-12-11,"Transect"
"8544","-77.0184273123085","38.9176551120546",2017-12-12,"transect"
"731","-77.0282454424213","38.9518404578625",2017-12-13,"transect"
"7298","-77.017803938968","38.9237175453824",2017-12-13,"transect"
"2449","-77.0129727955792","38.9451743967438",2017-12-13,"transect"
"7739","-77.036660982518","38.9216563761682",2017-12-14,"transect"
"9936","-77.0597257961163","38.9118346887574",2017-12-17,"transect "
"8065","-77.0318298391291","38.9200801475429",2017-12-17,"transect"
"1129","-77.0058040021635","38.9506284933779",2017-12-22,"transect"
"11702","-77.0260636357296","38.9037095497594",2017-12-24,"transect"
"9587","-77.0294921891023","38.9137748828948",2017-12-25,"transect"
"5808","-77.0213883356759","38.9301431591687",2017-12-28,"transect"
"290","-77.0112585188928","38.9543855158233",2017-12-29,"transect"
"2641","-77.0109468322226","38.9440835270598",2017-12-30,"transect"
"6634","-77.0260636357296","38.9266273293914",2018-01-01,"transect"
"4216","-77.0410245959014","38.9364469692875",2018-01-06,"transect"
"2003","-77.0293363457672","38.9474772887315",2018-01-18,"transect"
"3698","-77.0224792390217","38.9385077087572",2018-01-22,"transect"
"6093","-77.0453882092849","38.9286883541887",2018-01-25,"transect"
"7275","-77.0432064025932","38.9237175453824",2018-01-26,"transect"
"7072","-77.0111026755577","38.9246874866461",2018-01-28,"transect"
"214","-77.0249727323837","38.955355037673",2018-02-09,"transect"
"5357","-77.02029743233","38.9320828527279",2018-02-12,"transect"
"5389","-77.0126611089089","38.9319616234345",2018-02-15,"transect"
"2410","-77.0089208688659","38.9455380162417",2018-02-23,"transect"
"10751","-77.016557192287","38.9073477866785",2018-02-23,"transect"
"6335","-77.0335441158155","38.9278397041713",2018-02-26,"Transect4"
"541","-77.0149987589358","38.9526888206709",2018-03-03,"transect"
"10809","-77.0168688789573","38.9071052433513",2018-03-03,"transect"
"8209","-77.0527128460357","38.9192313945491",2018-03-04,"transect"
"11786","-77.0385311025395","38.9032244374163",2018-03-11,"transect"
"4139","-77.0187389989788","38.9368106335454",2018-03-12,"transect"
"3138","-77.0120377355684","38.9415380991873",2018-03-13,"transect"
"11627","-77.0375960425287","38.903952104688",2018-03-19,"transect"
"624","-77.0008170154395","38.9523252378536",2018-03-26,"Transect2"
"7511","-77.0418038125771","38.9227475908582",2018-03-27,"Transect2"
"4842","-77.0162455056168","38.9336588146859",2018-04-01,"transect"
"399","-77.005180628823","38.953052401623",2018-04-01,"transect"
"9064","-77.037907729199","38.9154725092573",2018-04-02,"transect"
"10835","-77.0213883356759","38.9069839713769",2018-04-07,"transect"
"11084","-77.0093883988713","38.9062563351801",2018-04-07,"transect"
"2158","-77.015310445606","38.9467500677648",2018-04-08,"transect"
"5799","-77.030427249113","38.9301431591687",2018-04-09,"transect"
"2079","-77.0107909888874","38.9471136791807",2018-04-10,"transect"
"5560","-77.030427249113","38.9312342433228",2018-04-12,"transect4"
"1259","-77.0143753855953","38.9502648999914",2018-04-15,"transect"
"6105","-77.0291805024321","38.9286883541887",2018-04-16,"transect"
"8682","-77.0562972427436","38.9169275852475",2018-04-17,"transect"
"2327","-77.0103234588821","38.9460228393377",2018-04-22,"transect"
"1708","-77.0087650255308","38.9486893070974",2018-04-23,"transect"
"9289","-77.0344791758262","38.9147449600743",2018-04-30,"transect"
"7858","-77.0474141726415","38.9209288903845",2018-05-01,"transect"
"5846","-77.0435180892634","38.9299006937441",2018-05-01,"transect"
"4232","-77.0288688157618","38.9364469692875",2018-05-03,"transect"
"1759","-77.0185831556436","38.9484469050821",2018-05-04,"transect"
"9913","-77.059414109446","38.9119559524448",2018-05-04,"transect"
"5071","-77.0427388725878","38.9328102241368",2018-05-21,"transect"
"10992","-77.0199857456597","38.9064988814078",2018-05-26,"transect"
"5057","-77.0151546022709","38.9329314519798",2018-05-31,"transect"
"1325","-77.0160896622816","38.9500225033643",2018-06-02,"transect"
"9706","-77.0597257961163","38.9130473163087",2018-06-04,"transect"
"2604","-77.0095442422064","38.9443259439957",2018-06-04,"transect"
"11305","-77.0199857456597","38.905286141983",2018-06-05,"transect"
"6649","-77.0442973059391","38.9265060907739",2018-06-06,"transect"
"9203","-77.0400895358907","38.9149874772974",2018-06-12,"transect"
"9394","-77.0397778492205","38.9143811826859",2018-06-16,"transect"
"4164","-77.0273103824106","38.9366894123333",2018-06-18,"transect"
"3622","-77.0188948423139","38.9388713624471",2018-06-23,"transect"
"2875","-77.0347908624965","38.9426290080371",2018-06-24,"transect"
"2206","-77.0187389989788","38.946507659118",2018-06-26,"transect"
"9672","-77.0522453160304","38.9132898393328",2018-06-28,"transect"
"2391","-77.0106351455523","38.9456592223266",2018-06-29,"transect4"
"8577","-77.0509985693494","38.9174126039476",2018-06-30,"transect"
"9698","-77.0307389357833","38.9131685779243",2018-07-02,"transect"
"9839","-77.0606608561271","38.912319742264",2018-07-08,"transect"
"4417","-77.0425830292527","38.9357196351767",2018-07-13,"transect"
"1839","-77.0129727955792","38.9482045022378",2018-07-20,"transect"
"1718","-77.0213883356759","38.9485681061933",2018-07-22,"transect"
"2404","-77.0142195422602","38.9455380162417",2018-07-23,"transect"
"3236","-77.0338558024857","38.9410532454218",2018-07-26,"transect"
"2109","-77.0167130356221","38.9469924755826",2018-07-28,"transect"
"6402","-77.0322973691345","38.9275972308729",2018-07-30,"transect"
"6403","-77.0263753223998","38.9275972308729",2018-08-01,"transect"
"4711","-77.0087650255308","38.934264944576",2018-08-02,"transect"
"9815","-77.0615959161378","38.9124410051227",2018-08-08,"transect"
"11638","-77.0352583925019","38.903952104688",2018-08-10,"transect"
"3036","-77.0192065289841","38.9419017373356",2018-08-10,"transect"
"7740","-77.0324532124696","38.9216563761682",2018-08-14,"Transect2"
"9547","-77.0569206160841","38.9138961432674",2018-08-14,"transect"
"8764","-77.0218558656812","38.9165638190469",2018-08-19,"transect"
"7040","-77.0162455056168","38.9248087283717",2018-08-20,"transect"
"3915","-77.0234142990325","38.9377803957825",2018-08-23,"transect"
"6480","-77.0502193526737","38.9272335193714",2018-08-27,"transect"
"7795","-77.0533362193762","38.9212926342087",2018-09-04,"transect"
"7933","-77.0427388725878","38.9205651446955",2018-09-05,"transect"
"9194","-77.0553621827328","38.9149874772974",2018-09-06,"transect"
"10106","-77.0623751328134","38.9109858371444",2018-09-11,"transect"
"5392","-77.0460115826254","38.9318403939339",2018-09-19,"transect"
"5925","-77.0296480324374","38.9295369940531",2018-09-24,"transect"
"4456","-77.0260636357296","38.9355984120997",2018-09-30,"transect"
"5625","-77.0294921891023","38.9309917816278",2018-10-01,"transect"
"10895","-77.0207649623353","38.9067414268067",2018-10-02,"transect"
"8782","-77.0296480324374","38.9164425632324",2018-10-03,"transect"
"11647","-77.0249727323837","38.903952104688",2018-10-08,"Transect3"
"10698","-77.068141336213","38.9074690580314",2018-10-09,"transect"
"4206","-77.0188948423139","38.936568190914",2018-10-09,"transect"
"2710","-77.0184273123085","38.9435986907012",2018-10-10,"transect"
"5070","-77.0444531492742","38.9328102241368",2018-10-14,"transect"
"4705","-77.0234142990325","38.934264944576",2018-10-16,"transect"
"8341","-77.0164013489519","38.9186251361949",2018-10-16,"transect"
"5948","-77.0394661625502","38.9294157604084",2018-10-19,"transect"
"3132","-77.0187389989788","38.9415380991873",2018-10-21,"transect"
"10198","-77.0648686261754","38.910500774522",2018-10-22,"second_transect"
"3808","-77.0182714689734","38.9381440532024",2018-10-23,"transect"
"4983","-77.0288688157618","38.933173907044",2018-10-25,"transect"
"2871","-77.0090767122011","38.9427502190954",2018-10-27,"transect"
"1752","-77.0266870090701","38.9484469050821",2018-10-28,"transect"
"1905","-77.0157779756114","38.9479620985646",2018-10-28,"transect"
"7812","-77.0134403255845","38.9212926342087",2018-10-29,"transect"
"3152","-77.0319856824643","38.9414168860568",2018-10-31,"transect"
"761","-77.0045572554825","38.9518404578625",2018-11-01,"transect"
"11614","-77.0226350823568","38.9040733818416",2018-11-04,"transect"
"3149","-77.0347908624965","38.9414168860568",2018-11-05,"transect"
"7825","-77.0372843558585","38.9211713864745",2018-11-05,"transect"
"1295","-77.015310445606","38.9501437017815",2018-11-09,"transect"
"1293","-77.0156221322763","38.9501437017815",2018-11-11,"transect"
"5181","-77.0277779124159","38.9325677678293",2018-11-18,"transect"
"1876","-77.0135961689196","38.9480833005048",2018-11-24,"transect"
"7839","-77.0472583293064","38.9210501385331",2018-11-29,"transect"
"5881","-77.0277779124159","38.9297794607209",2018-12-07,"transect"
"10822","-77.0672062762022","38.9069839713769",2018-12-08,"transect"
"11386","-77.0257519490593","38.9049223161158",2018-12-08,"transect"
"2210","-77.0181156256383","38.946507659118",2018-12-09,"Transect"
"1430","-77.0176480956329","38.9496589068692",2018-12-13,"transect"
"1088","-77.0089208688659","38.950749690759",2018-12-17,"transect"
"5386","-77.0192065289841","38.9319616234345",2018-12-17,"transect"
"279","-77.0259077923944","38.9545067067798",2018-12-19,"transect"
"6515","-77.0084533388606","38.9272335193714",2018-12-20,"transect"
"4335","-77.0173364089626","38.9360833031645",2018-12-23,"Transect2"
"5770","-77.0430505592581","38.9302643915702",2018-12-24,"transect"
"2188","-77.0139078555899","38.946628863545",2018-12-25,"second_transect"
"9741","-77.0371285125234","38.9129260544858",2018-12-25,"transect"
"650","-77.0037780388069","38.9522040431666",2018-12-25,"transect"
"8812","-77.0218558656812","38.9163213072106",2018-12-29,"transect"
"9295","-77.0592582661109","38.914623701152",2019-01-01,"transect"
"4090","-77.0213883356759","38.9369318545503",2019-01-02,"transect"
"2423","-77.0093883988713","38.9454168099497",2019-01-05,"transect"
"9206","-77.0360376091775","38.9149874772974",2019-01-10,"transect"
"8641","-77.051777786025","38.9171700950119",2019-01-13,"transect"
"2439","-77.0093883988713","38.9452956034504",2019-01-15,"transect"
"5208","-77.0433622459283","38.9324465393648",2019-01-15,"transect"
"387","-77.0159338189465","38.953052401623",2019-01-15,"transect"
"7223","-77.0397778492205","38.9239600319415",2019-01-16,"transect"
"7822","-77.04554405262","38.9211713864745",2019-01-17,"transect"
"3850","-77.0176480956329","38.9380228342696",2019-01-19,"transect"
"9384","-77.0572323027543","38.9143811826859",2019-02-01,"transect"
"2159","-77.0151546022709","38.9467500677648",2019-02-03,"transect"
"2673","-77.0156221322763","38.943841109295",2019-02-03,"TRANSECT"
"1951","-77.0263753223998","38.9477196940625",2019-02-09,"transect_2"
"5891","-77.0078299655201","38.9297794607209",2019-02-12,"transect "
"6226","-77.041647969242","38.9282034125648",2019-02-12,"transect"
"9942","-77.0562972427436","38.9118346887574",2019-02-17,"transect"
"2069","-77.0235701423676","38.9471136791807",2019-02-17,"transect"
"11569","-77.0241935157081","38.904194658788",2019-02-23,"transect"
"2413","-77.0319856824643","38.9454168099497",2019-02-23,"transect"
"236","-77.0120377355684","38.9552338481671",2019-03-01,"transect"
"7626","-77.0442973059391","38.9221413625468",2019-03-14,"transect"
"6375","-77.0104793022172","38.9277184676257",2019-03-21,"transect"
"1846","-77.0081416521903","38.9482045022378",2019-03-28,"transect"
"6459","-77.0365051391829","38.9273547567458",2019-04-06,"transect "
"10735","-77.066894589532","38.9073477866785",2019-04-10,"transect"
"3563","-77.0394661625502","38.9391137972043",2019-04-13,"transect"
"4744","-77.0357259225072","38.9340224932416",2019-04-17,"transect"
"11314","-77.0344791758262","38.9051648669011",2019-04-18,"transect"
"1493","-77.0173364089626","38.9494165081697",2019-04-20,"transect1"
"478","-77.00144038878","38.9529312081795",2019-04-24,"transect"
"5144","-77.0126611089089","38.9326889960867",2019-04-25,"transect"
"7130","-77.0162455056168","38.9244450025734",2019-04-29,"transect"
"6762","-77.0263753223998","38.9260211342315",2019-05-05,"transect"
"9531","-77.0396220058853","38.9140174034328",2019-05-06,"transect"
"5486","-77.040401222561","38.9314767041888",2019-05-13,"transect"
"5048","-77.030427249113","38.9329314519798",2019-05-14,"transect"
"6266","-77.0335441158155","38.9280821766408",2019-05-19,"transect"
"7094","-77.0338558024857","38.9245662447133",2019-05-19,"transect"
"8223","-77.0159338189465","38.9192313945491",2019-05-21,"transect"
"9333","-77.0586348927704","38.9145024420225",2019-05-21,"transect"
"8463","-77.0363492958477","38.9180188726611",2019-05-23,"Transect2"
"4888","-77.0134403255845","38.9335375880862",2019-05-30,"transect"
"8411","-77.0285571290916","38.9182613786962",2019-06-01,"transect"
"9976","-77.063154349489","38.911592160761",2019-06-07,"transect"
"2227","-77.0315181524589","38.9463864544838",2019-06-14,"transect"
"4615","-77.0436739325985","38.9347498447583",2019-06-15,"transect"
"8136","-77.0284012857564","38.919716397503",2019-06-16,"transect"
"3025","-77.036660982518","38.9419017373356",2019-06-16,"transect"
"10534","-77.0254402623891","38.9084392213961",2019-06-20,"transect"
"1941","-77.0103234588821","38.9478408964172",2019-06-24,"transect"
"4033","-77.0241935157081","38.9371742959385",2019-06-28,"Transect2"
"5369","-77.0424271859176","38.9319616234345",2019-06-30,"transect"
"5049","-77.0291805024321","38.9329314519798",2019-07-03,"transect"
"8994","-77.0400895358907","38.9157150239942",2019-07-08,"transect"
"8309","-77.034167489156","38.9187463882801",2019-07-10,"transect"
"224","-77.0251285757188","38.9552338481671",2019-07-12,"transect"
"406","-77.0040897254771","38.953052401623",2019-07-14,"transect"
"10200","-77.0645569395051","38.910500774522",2019-07-18,"second_transect"
"875","-77.0168688789573","38.9513556745555",2019-07-19,"transect"
"4847","-77.0149987589358","38.9336588146859",2019-07-29,"transect"
"5914","-77.0079858088552","38.9296582274906",2019-08-03,"transect"
"9465","-77.0284012857564","38.914259923142",2019-08-11,"transect"
"10241","-77.0651803128456","38.9102582419677",2019-08-12,"transect"
"6988","-77.0456998959552","38.92492996989",2019-08-17,"transect"
"11158","-77.017803938968","38.905892514285",2019-08-18,"transect"
"6792","-77.0223233956866","38.9258998945779",2019-08-20,"transect"
"9359","-77.0335441158155","38.9145024420225",2019-08-23,"transect"
"3048","-77.0114143622279","38.9419017373356",2019-08-24,"transect"
"5166","-77.0347908624965","38.9325677678293",2019-08-26,"transect"
"3942","-77.0284012857564","38.9376591762282",2019-08-31,"transect"
"8424","-77.0502193526737","38.9181401257822",2019-09-03,"transect"
"6678","-77.0380635725341","38.9263848519491",2019-09-03,"transect "
"898","-77.0068949055093","38.9513556745555",2019-09-04,"transect"
"11692","-77.0380635725341","38.9037095497594",2019-09-09,"transect"
"1053","-77.0093883988713","38.9508708879327",2019-09-10,"transect"
"7471","-77.0485050759874","38.9228688358989",2019-09-11,"transect"
"877","-77.016557192287","38.9513556745555",2019-09-14,"Transect"
"3680","-77.0126611089089","38.9386289268611",2019-09-16,"transect"
"6429","-77.0361934525126","38.927475993913",2019-09-17,"transect"
"1808","-77.0101676155469","38.9483257037636",2019-09-18,"transect"
"11590","-77.035414235837","38.9040733818416",2019-09-19,"transect"
"8511","-77.0287129724267","38.9177763657973",2019-09-21,"transect"
"5692","-77.0134403255845","38.9307493191041",2019-09-23,"transect"
"4038","-77.0185831556436","38.9371742959385",2019-09-25,"transect"
"6030","-77.0280895990862","38.9290520582309",2019-09-25,"transect"
"6940","-77.0332324291453","38.9251724523052",2019-09-27,"transect"
"10760","-77.0689205528886","38.9072265151185",2019-09-29,"transect"
"4649","-77.0090767122011","38.9346286200236",2019-10-02,"transect"
"7019","-77.0460115826254","38.9248087283717",2019-10-14,"transect"
"3712","-77.0078299655201","38.9385077087572",2019-10-17,"transect"
"4062","-77.016557192287","38.937053075348",2019-10-18,"transect"
"4419","-77.0400895358907","38.9357196351767",2019-10-21,"transect"
"413","-77.0029988221312","38.953052401623",2019-10-22,"transect"
"3902","-77.0075182788498","38.9379016151297",2019-10-24,"transect"
"5785","-77.0087650255308","38.9302643915702",2019-10-25,"transect"
"3666","-77.0266870090701","38.9386289268611",2019-10-31,"transect"
"5412","-77.0126611089089","38.9318403939339",2019-11-01,"transect"
"9856","-77.0280895990862","38.912319742264",2019-11-07,"transect"
"10008","-77.0625309761485","38.911470896452",2019-11-09,"transect"
"7935","-77.0424271859176","38.9205651446955",2019-11-10,"transect"
"7850","-77.0538037493816","38.9209288903845",2019-11-11,"transect"
"9860","-77.061907602808","38.9121984791981",2019-11-15,"transect"
"9644","-77.0524011593655","38.9134111005341",2019-11-16,"transect"
"3266","-77.0355700791721","38.9409320314624",2019-11-17,"transect"
"1046","-77.015310445606","38.9508708879327",2019-11-21,"Transect5"
"11477","-77.0266870090701","38.9045584883842",2019-11-21,"transect"
"10347","-77.0352583925019","38.9096519069565",2019-11-24,"transect "
"9749","-77.0609725427973","38.9128047924558",2019-11-26,"Transect2"
"5453","-77.0418038125771","38.9315979343111",2019-11-26,"transect"
"6604","-77.0385311025395","38.9267485678018",2019-11-26,"transect_2"
"8938","-77.0413362825717","38.9158362810518",2019-11-28,"transect"
"10884","-77.0676738062076","38.9067414268067",2019-12-01,"second_transect"
"6541","-77.0179597823031","38.9271122817898",2019-12-03,"transect"
"4092","-77.0207649623353","38.9369318545503",2019-12-04,"transect"
"2221","-77.0126611089089","38.946507659118",2019-12-16,"transect"
"1619","-77.0164013489519","38.9489317082837",2019-12-19,"transect"
"8071","-77.0544271227221","38.9199588977368",2019-12-31,"transect"
"6692","-77.0506868826791","38.9262636129171",2020-01-01,"transect"
"2792","-77.0182714689734","38.943113851027",2020-01-02,"transect"
"8840","-77.0223233956866","38.9162000509817",2020-01-03,"transect"
"7762","-77.036660982518","38.9215351290555",2020-01-04,"transect"
"8861","-77.0352583925019","38.9160787945456",2020-01-05,"transect"
"3395","-77.0104793022172","38.9403259585569",2020-01-11,"transect"
"4535","-77.0432064025932","38.9352347416252",2020-01-19,"transect"
"793","-77.0067390621742","38.9517192623466",2020-01-20,"transect"
"11230","-77.0065832188391","38.9055286915253",2020-01-21,"transect"
"4634","-77.0073624355147","38.9347498447583",2020-01-23,"transect"
"1239","-77.0207649623353","38.9502648999914",2020-01-24,"transect"
"10590","-77.0343233324911","38.9080754116881",2020-02-05,"transect"
"3210","-77.0374401991936","38.941174459174",2020-02-09,"transect"
"1223","-77.0059598454986","38.9503860979942",2020-02-10,"transect"
"6287","-77.0497518226684","38.9279609405097",2020-02-13,"transect"
"5195","-77.0121935789035","38.9325677678293",2020-02-14,"transect"
"4000","-77.0185831556436","38.9374167364977",2020-02-16,"transect"
"9885","-77.0606608561271","38.9120772159251",2020-02-17,"transect"
"10462","-77.0243493590432","38.9089242981064",2020-02-19,"transect"
"8147","-77.015310445606","38.919716397503",2020-02-20,"transect"
"1197","-77.016557192287","38.9503860979942",2020-02-26,"transect"
"10172","-77.0263753223998","38.9107433062476",2020-03-01,"transect"
"6834","-77.0427388725878","38.9256574146491",2020-03-01,"transect"
"11539","-77.0274662257457","38.9043159355272",2020-03-03,"transect"
"11005","-77.0151546022709","38.9064988814078",2020-03-06,"thirdtransect"
"6791","-77.022790925692","38.9258998945779",2020-03-10,"transect"
"5036","-77.0425830292527","38.9329314519798",2020-03-11,"transect"
"262","-77.0254402623891","38.9548702784061",2020-03-12,"transect"
"1913","-77.0104793022172","38.9479620985646",2020-03-12,"transect4"
"982","-77.0148429156006","38.9511132816586",2020-03-14,"transect"
"4089","-77.021544179011","38.9369318545503",2020-03-15,"transect"
"9254","-77.0268428524052","38.9148662187894",2020-03-15,"transect"
"6052","-77.0322973691345","38.9289308237574",2020-03-18,"transect"
"1131","-77.0054923154932","38.9506284933779",2020-03-18,"transect"
"11713","-77.0389986325448","38.9035882719844",2020-03-25,"transect"
"11472","-77.0294921891023","38.9045584883842",2020-03-25,"transect"
"5709","-77.0299597191077","38.9306280875314",2020-04-01,"transect"
"2167","-77.0084533388606","38.9467500677648",2020-04-04,"transect"
"10043","-77.0589465794407","38.9113496319359",2020-04-04,"second_transect"
"6573","-77.0486609193225","38.926869806005",2020-04-11,"transect"
"3757","-77.0263753223998","38.9382652719278",2020-04-11,"transect"
"7929","-77.0463232692957","38.9205651446955",2020-04-13,"transect"
"9226","-77.0567647727489","38.9148662187894",2020-04-15,"transect"
"3295","-77.0128169522441","38.9408108172957",2020-04-17,"transect"
"5490","-77.0301155624428","38.9314767041888",2020-04-17,"transect3"
"10568","-77.0346350191614","38.908196681798",2020-04-18,"transect"
"7358","-77.0255961057242","38.9234750579946",2020-04-19,"transect"
"7988","-77.049284292663","38.9203226465336",2020-04-20,"transect"
"6514","-77.0086091821957","38.9272335193714",2020-04-22,"transect1"
"1966","-77.015310445606","38.9477196940625",2020-04-24,"transect"
"3971","-77.0326090558048","38.9375379564666",2020-04-26,"transect"
"1280","-77.01833","38.95017",2010-01-05,"transect"
"2652","-77.01883","38.944",2010-01-11,"transect"
"2967","-77.00883","38.94233",2010-01-18,"transect"
"2130","-77.0185","38.94683",2010-01-22,"transect"
"2261","-77.01467","38.94633",2010-01-28,"transect"
"7327","-77.03117","38.92367",2010-02-04,"transect"
"8418","-77.055","38.91817",2010-02-07,"transect"
"10500","-77.024","38.90867",2010-02-08,"transect"
"10892","-77.02383","38.90667",2010-02-15,"transect"
"318","-77.02583","38.954",2010-02-16,"transect"
"1078","-77.01517","38.95067",2010-02-18,"transect"
"1806","-77.0125","38.94833",2010-02-28,"transect"
"9073","-77.02467","38.9155",2010-03-01,"transect"
"2191","-77.0125","38.94667",2010-03-01,"transect"
"9678","-77.03067","38.91333",2010-03-05,"transect"
"10148","-77.02667","38.91083",2010-03-07,"transect"
"7790","-77.02233","38.92133",2010-03-11,"transect"
"699","-77.02817","38.952",2010-03-15,"transect"
"9589","-77.0605","38.91367",2010-03-18,"transect"
"7771","-77.0535","38.92133",2010-03-27,"transect"
"10873","-77.015","38.90683",2010-04-03,"transect"
"2633","-77.033","38.94417",2010-04-05,"transect"
"9428","-77.058","38.91433",2010-04-10,"transect"
"5210","-77.04217","38.9325",2010-04-11,"transect"
"3960","-77.00717","38.93767",2010-04-13,"transect"
"610","-77.003","38.95233",2010-04-18,"transect"
"143","-77.01483","38.95667",2010-04-20,"transect"
"2744","-77.0125","38.9435",2010-04-23,"transect"
"2863","-77.0175","38.94283",2010-04-24,"transect"
"2712","-77.01767","38.94367",2010-04-25,"transect"
"10671","-77.06783","38.90767",2010-04-25,"transect"
"7074","-77.01033","38.92467",2010-04-29,"transect"
"7423","-77.04817","38.92317",2010-05-03,"transect"
"10972","-77.012","38.90667",2010-05-05,"transect"
"11172","-77.06883","38.90583",2010-05-11,"transect"
"4318","-77.03317","38.936",2010-05-12,"transect"
"3920","-77.0205","38.93783",2010-05-16,"transect"
"2490","-77.01283","38.94483",2010-05-19,"transect"
"9487","-77.0495","38.91417",2010-05-20,"transect"
"4552","-77.04333","38.93517",2010-05-26,"transect"
"1996","-77.01033","38.94767",2010-05-27,"transect"
"8624","-77.03467","38.91733",2010-05-28,"transect"
"10861","-77.02383","38.90683",2010-06-02,"transect"
"1805","-77.01433","38.94833",2010-06-06,"transect"
"1715","-77.02633","38.9485",2010-06-08,"transect"
"1428","-77.0185","38.94967",2010-06-09,"transect"
"11757","-77.03417","38.90333",2010-06-13,"transect"
"5677","-77.02983","38.93067",2010-06-16,"transect"
"8767","-77.057","38.9165",2010-06-21,"transect"
"324","-77.01033","38.95383",2010-06-24,"transect4"
"9422","-77.05933","38.91433",2010-06-27,"transect"
"6804","-77.0425","38.92583",2010-06-29,"transect"
"4533","-77.0075","38.93533",2010-06-30,"transect"
"2908","-77.02017","38.9425",2010-07-09,"transect"
"3082","-77.03683","38.94167",2010-07-10,"Transect4"
"8755","-77.053","38.9165",2010-07-12,"transect"
"9102","-77.03683","38.91533",2010-07-12,"transect"
"8583","-77.04533","38.91733",2010-07-13,"transect"
"6662","-77.02317","38.9265",2010-07-14,"transect"
"9602","-77.051","38.91367",2010-07-16,"transect"
"6925","-77.0095","38.92533",2010-07-16,"transect"
"6600","-77.04117","38.92667",2010-07-17,"transect"
"7881","-77.04483","38.92083",2010-07-18,"transect"
"8662","-77.056","38.917",2010-07-22,"transect"
"8277","-77.0505","38.91883",2010-07-22,"transect"
"9397","-77.03767","38.91433",2010-08-05,"transect"
"11763","-77.03233","38.90333",2010-08-05,"transect"
"11235","-77.033","38.90533",2010-08-06,"transect"
"1663","-77.03033","38.94867",2010-08-11,"transect"
"363","-77.016","38.95317",2010-08-12,"transect"
"6773","-77.051","38.92583",2010-08-14,"transect"
"2161","-77.01383","38.94683",2010-08-15,"transect"
"2270","-77.00883","38.94633",2010-08-17,"transect"
"8814","-77.057","38.91617",2010-08-19,"transect"
"3795","-77.02817","38.93817",2010-08-19,"transect"
"10954","-77.01583","38.90667",2010-08-20,"transect"
"4550","-77.0075","38.93517",2010-08-22,"Transect5"
"4412","-77.012","38.93583",2010-08-23,"transect_2"
"314","-77.01083","38.95417",2010-09-01,"transect"
"5330","-77.04567","38.932",2010-09-01,"transect"
"9606","-77.0375","38.91367",2010-09-05,"transect"
"7750","-77.05333","38.9215",2010-09-07,"transect"
"5865","-77.00967","38.92983",2010-09-18,"transect"
"838","-77.011","38.9515",2010-09-19,"transect"
"11199","-77.03317","38.90567",2010-09-29,"transect"
"8598","-77.03467","38.91733",2010-10-05,"transect"
"2299","-77.009","38.94617",2010-10-07,"transect"
"3595","-77.0225","38.939",2010-10-18,"transect"
"566","-77.02767","38.9525",2010-10-18,"transect"
"3320","-77.0135","38.94067",2010-10-21,"transect"
"3327","-77.01083","38.94067",2010-10-21,"transect"
"9713","-77.0535","38.913",2010-10-23,"transect"
"5367","-77.04567","38.932",2010-10-27,"transect"
"5448","-77.046","38.93167",2010-10-28,"transect"
"988","-77.00817","38.95117",2010-10-28,"transect"
"10665","-77.0155","38.90767",2010-10-30,"transect"
"5940","-77.008","38.9295",2010-11-02,"transect"
"2136","-77.01733","38.94683",2010-11-07,"transect"
"8930","-77.04317","38.91583",2010-11-08,"transect"
"911","-77.02367","38.95117",2010-11-13,"transect"
"8742","-77.0295","38.91667",2010-11-22,"transect"
"7697","-77.01283","38.92183",2010-11-29,"transect"
"9463","-77.02867","38.91433",2010-12-04,"transect"
"9747","-77.06133","38.91283",2010-12-06,"Transect5"
"5003","-77.04367","38.933",2010-12-08,"transect"
"1023","-77.00867","38.951",2010-12-13,"transect"
"11490","-77.02283","38.9045",2010-12-27,"transect"
"2290","-77.013","38.94617",2010-12-27,"transect"
"5803","-77.02583","38.93017",2011-01-02,"transect"
"11388","-77.0255","38.905",2011-01-11,"transect"
"8304","-77.03917","38.91867",2011-01-22,"transect"
"10935","-77.02083","38.90667",2011-01-28,"transect"
"9029","-77.0455","38.91567",2011-02-04,"transect"
"9419","-77.02783","38.91433",2011-02-09,"transect"
"9386","-77.05633","38.91433",2011-02-12,"transect"
"530","-77.00033","38.95283",2011-02-16,"transect"
"4788","-77.00767","38.93383",2011-02-17,"transect"
"8991","-77.0405","38.91567",2011-02-22,"transect"
"7779","-77.04533","38.92133",2011-02-23,"transect"
"1090","-77.00517","38.95067",2011-02-27,"transect"
"7377","-77.03817","38.92333",2011-02-28,"transect"
"5435","-77.019","38.93167",2011-03-09,"transect"
"8336","-77.02767","38.91867",2011-03-17,"transect "
"3031","-77.02867","38.94183",2011-03-21,"Transect1"
"8466","-77.029","38.918",2011-03-21,"transect"
"5793","-77.038","38.93017",2011-03-24,"transect"
"10330","-77.03533","38.90983",2011-03-28,"transect"
"10401","-77.0365","38.90933",2011-03-30,"transect"
"4563","-77.013","38.93517",2011-04-02,"transect"
"5340","-77.035","38.932",2011-04-07,"Transect4"
"6584","-77.0335","38.92683",2011-04-11,"transect"
"5568","-77.02717","38.93117",2011-04-12,"transect"
"6952","-77.04683","38.925",2011-04-13,"transect"
"8257","-77.048","38.919",2011-04-17,"transect "
"2722","-77.0125","38.94367",2011-04-21,"transect"
"9598","-77.05167","38.91367",2011-04-22,"transect"
"812","-77.0125","38.95167",2011-04-22,"transect"
"10145","-77.02817","38.91083",2011-04-23,"transect"
"3616","-77.03517","38.93883",2011-04-29,"transect"
"8790","-77.05567","38.91633",2011-04-29,"transect"
"10304","-77.06467","38.90983",2011-05-04,"transect"
"5735","-77.03017","38.9305",2011-05-05,"transect"
"9928","-77.02783","38.912",2011-05-13,"transect"
"2287","-77.01467","38.94617",2011-05-13,"transect"
"2837","-77.0175","38.94283",2011-05-17,"Transect"
"1711","-77.0305","38.9485",2011-05-18,"TRANSECT"
"9127","-77.04617","38.91517",2011-05-19,"transect"
"9165","-77.04633","38.91517",2011-05-20,"transect"
"626","-77.0005","38.95233",2011-05-29,"Transect"
"9431","-77.05667","38.91433",2011-05-31,"transect"
"2429","-77.0325","38.94533",2011-06-01,"transect"
"7820","-77.04817","38.92117",2011-06-01,"transect"
"9495","-77.0315","38.91417",2011-06-03,"transect"
"1186","-77.02283","38.95033",2011-06-07,"transect"
"9236","-77.04717","38.91483",2011-06-20,"transect"
"7325","-77.03167","38.92367",2011-06-20,"transect"
"10485","-77.06717","38.90867",2011-06-28,"transect"
"9459","-77.02933","38.91433",2011-06-29,"transect"
"1574","-77.023","38.949",2011-06-30,"transect"
"1516","-77.01817","38.94933",2011-07-15,"transect"
"5840","-77.00867","38.93",2011-07-17,"transect"
"7696","-77.013","38.92183",2011-07-20,"transect"
"7921","-77.01383","38.92067",2011-07-21,"transect"
"10248","-77.06283","38.91033",2011-07-25,"Transect5"
"6170","-77.033","38.9285",2011-07-31,"transect"
"7669","-77.054","38.92183",2011-08-03,"transect"
"6958","-77.04117","38.925",2011-08-05,"transect"
"10009","-77.06233","38.9115",2011-08-06,"transect"
"3514","-77.01933","38.9395",2011-08-06,"transect"
"6928","-77.04667","38.92517",2011-08-09,"transect"
"5605","-77.01883","38.93117",2011-08-09,"transect"
"7300","-77.011","38.92367",2011-08-25,"transect"
"9020","-77.05533","38.91567",2011-08-29,"transect"
"7276","-77.043","38.92367",2011-08-29,"transect"
"10674","-77.06583","38.90767",2011-08-30,"transect"
"7535","-77.04483","38.92267",2011-09-05,"transect"
"2432","-77.023","38.94533",2011-09-07,"transect"
"4713","-77.00767","38.93433",2011-09-08,"transect"
"412","-77.00317","38.953",2011-09-11,"transect"
"2379","-77.03133","38.94567",2011-09-15,"transect"
"2271","-77.00867","38.94633",2011-09-21,"transect"
"6712","-77.02283","38.92633",2011-10-01,"transect"
"3962","-77.04117","38.9375",2011-10-04,"transect"
"6275","-77.01717","38.928",2011-10-07,"transect"
"526","-77.003","38.95283",2011-10-08,"transect"
"9567","-77.06017","38.91383",2011-10-08,"transect"
"3413","-77.01433","38.94017",2011-10-09,"transect"
"3814","-77.01267","38.93817",2011-10-25,"transect"
"8146","-77.01617","38.91967",2011-10-31,"transect"
"7494","-77.0265","38.92283",2011-11-02,"transect "
"9761","-77.0385","38.91283",2011-11-10,"transect"
"4210","-77.00817","38.9365",2011-11-12,"transect"
"7804","-77.04417","38.92133",2011-11-14,"transect"
"8735","-77.0525","38.91667",2011-11-14,"transect"
"1965","-77.0155","38.94767",2011-11-16,"transect"
"10527","-77.06417","38.9085",2011-11-20,"transect"
"9209","-77.035","38.915",2011-11-21,"transect"
"1000","-77.02267","38.951",2011-11-21,"transect"
"5102","-77.00767","38.93283",2011-11-23,"transect"
"3711","-77.00817","38.9385",2011-11-26,"transect "
"3972","-77.03083","38.9375",2011-11-27,"transect"
"2867","-77.01117","38.94283",2011-11-29,"transect"
"9947","-77.0295","38.91183",2011-12-07,"Transect5"
"2296","-77.01083","38.94617",2011-12-08,"transect"
"5232","-77.02167","38.9325",2011-12-13,"transect"
"2532","-77.024","38.9445",2011-12-14,"transect"
"3580","-77.013","38.93917",2011-12-15,"transect"
"7945","-77.02233","38.9205",2011-12-17,"transect"
"11105","-77.01733","38.90617",2011-12-22,"transect"
"8481","-77.05","38.91783",2011-12-24,"transect"
"11560","-77.03467","38.90417",2012-01-01,"transect"
"312","-77.02133","38.95417",2012-01-07,"transect"
"3442","-77.03833","38.94",2012-01-22,"transect"
"1106","-77.018","38.95067",2012-01-22,"transect"
"7449","-77.04683","38.923",2012-01-27,"transect"
"6525","-77.038","38.92717",2012-01-28,"transect"
"806","-77.027","38.95167",2012-02-03,"transect"
"6592","-77.00867","38.92683",2012-02-05,"transect"
"8884","-77.0425","38.916",2012-02-06,"transect"
"7758","-77.045","38.9215",2012-02-12,"transect"
"1877","-77.0135","38.948",2012-02-14,"transect"
"2510","-77.01533","38.94467",2012-02-16,"transect"
"3990","-77.03267","38.9375",2012-02-17,"transect"
"3746","-77.00733","38.93833",2012-02-17,"transect"
"3683","-77.00783","38.93867",2012-02-26,"transects"
"1565","-77.00883","38.94917",2012-02-28,"transect"
"5994","-77.008","38.92933",2012-03-02,"transect"
"11363","-77.02583","38.905",2012-03-06,"transect"
"1845","-77.0095","38.94817",2012-03-06,"transect"
"8133","-77.0335","38.91967",2012-03-17,"transect"
"7453","-77.0415","38.923",2012-03-21,"transect"
"1954","-77.02333","38.94767",2012-03-22,"Transect3"
"5189","-77.01917","38.9325",2012-03-23,"transect"
"267","-77.0255","38.95467",2012-03-24,"transect"
"79","-77.01583","38.95717",2012-03-30,"transect"
"5356","-77.02117","38.932",2012-03-31,"transect"
"809","-77.01417","38.95167",2012-04-04,"transect"
"8566","-77.019","38.9175",2012-04-11,"transect"
"2769","-77.0355","38.94317",2012-04-15,"thirdtransect"
"11712","-77.03917","38.90367",2012-04-16,"transect"
"6767","-77.01233","38.926",2012-04-17,"transect"
"8858","-77.03567","38.916",2012-04-18,"transect"
"1386","-77.025","38.94983",2012-04-20,"transect"
"1137","-77.02933","38.9505",2012-04-23,"transect"
"778","-77.023","38.95167",2012-04-27,"transect"
"10834","-77.0215","38.907",2012-04-30,"transect"
"2983","-77.01583","38.94217",2012-05-08,"transect"
"2248","-77.00883","38.94633",2012-05-10,"transect"
"646","-77.00567","38.95217",2012-05-11,"transect"
"5499","-77.02433","38.9315",2012-05-13,"transect"
"8429","-77.04917","38.91817",2012-05-25,"transect"
"8398","-77.0515","38.91833",2012-05-26,"first_transect"
"5867","-77.008","38.92983",2012-05-27,"transect"
"3412","-77.0145","38.94017",2012-05-28,"transect"
"327","-77.01033","38.95383",2012-05-28,"transect_2"
"2032","-77.01467","38.94733",2012-05-31,"transect"
"9559","-77.03767","38.91383",2012-06-01,"transect"
"5440","-77.01617","38.93167",2012-06-05,"transect"
"10242","-77.065","38.91033",2012-06-11,"transect"
"1536","-77.0255","38.94917",2012-06-12,"transect"
"5972","-77.0485","38.92933",2012-06-13,"transect"
"2415","-77.03167","38.9455",2012-06-15,"transect"
"1624","-77.0135","38.949",2012-06-16,"transect3"
"1036","-77.01867","38.95083",2012-06-23,"transect"
"8561","-77.0285","38.9175",2012-06-27,"transect"
"4263","-77.02367","38.93633",2012-07-19,"transect"
"87","-77.021","38.957",2012-07-25,"transect"
"11578","-77.0225","38.90417",2012-07-26,"transect"
"10309","-77.06183","38.90983",2012-07-29,"transect"
"9411","-77.03167","38.91433",2012-07-31,"transect"
"5866","-77.0095","38.92983",2012-08-11,"transect"
"1783","-77.00933","38.9485",2012-08-12,"transect"
"7963","-77.04167","38.9205",2012-08-15,"transect"
"8517","-77.01833","38.91783",2012-08-16,"transect"
"6348","-77.0425","38.92767",2012-08-18,"transect"
"6816","-77.02783","38.92583",2012-08-23,"transect"
"140","-77.023","38.95667",2012-08-26,"transect"
"99","-77.02233","38.957",2012-08-31,"transect"
"9050","-77.05467","38.9155",2012-09-07,"transect"
"8151","-77.05417","38.91967",2012-09-20,"transect"
"405","-77.00417","38.953",2012-09-22,"transect"
"8050","-77.05267","38.92",2012-09-29,"transect"
"11672","-77.03617","38.90383",2012-09-30,"transect"
"5393","-77.04583","38.93183",2012-10-05,"transect"
"2959","-77.01267","38.94233",2012-10-07,"transect"
"804","-77.02817","38.95167",2012-10-08,"transect1"
"11322","-77.0265","38.90517",2012-10-14,"transect"
"3904","-77.04117","38.93783",2012-10-16,"transect"
"10129","-77.06333","38.91083",2012-10-19,"transect"
"2281","-77.01917","38.94617",2012-10-24,"transect"
"6307","-77.01833","38.928",2012-11-04,"transect"
"8802","-77.03017","38.91633",2012-11-09,"thirdtransect"
"1675","-77.0225","38.94867",2012-11-13,"transect"
"6184","-77.01383","38.9285",2012-11-15,"transect"
"9742","-77.0305","38.913",2012-11-20,"transect"
"3418","-77.008","38.94017",2012-11-25,"transect"
"517","-77.00617","38.95283",2012-11-26,"transect"
"10272","-77.03717","38.91017",2012-12-02,"transect3"
"9435","-77.04933","38.91433",2012-12-05,"transect"
"8367","-77.01683","38.9185",2012-12-05,"transect"
"2353","-77.009","38.94583",2012-12-06,"transect"
"8189","-77.0545","38.91933",2012-12-06,"transects"
"10554","-77.02333","38.90833",2012-12-06,"transect"
"3270","-77.0305","38.941",2012-12-07,"transect"
"6262","-77.04067","38.928",2012-12-18,"transect"
"11499","-77.0315","38.9045",2012-12-23,"transect"
"6038","-77.01","38.929",2012-12-25,"transect"
"3469","-77.00817","38.93983",2012-12-27,"transect"
"8717","-77.04833","38.91683",2012-12-28,"transect"
"8123","-77.05","38.91967",2013-01-04,"transect"
"5067","-77.0075","38.933",2013-01-06,"transect"
"6776","-77.04533","38.92583",2013-01-07,"thirdtransect"
"8626","-77.02283","38.91733",2013-01-07,"transect "
"5007","-77.04017","38.933",2013-01-10,"transect"
"1043","-77.01583","38.95083",2013-01-18,"transect"
"4069","-77.04167","38.937",2013-01-20,"transect"
"6586","-77.02633","38.92683",2013-01-21,"transect"
"2574","-77.02317","38.9445",2013-01-24,"transect"
"2372","-77.01067","38.94583",2013-01-24,"transect"
"3611","-77.03983","38.93883",2013-01-28,"transect1"
"9198","-77.04717","38.915",2013-02-03,"transect"
"1862","-77.0165","38.948",2013-02-09,"transect"
"2826","-77.036","38.94283",2013-02-11,"transect"
"4102","-77.018","38.937",2013-02-13,"transect"
"896","-77.00717","38.95133",2013-02-17,"transect"
"1612","-77.01867","38.949",2013-02-20,"transect"
"3768","-77.01917","38.93833",2013-02-23,"transect"
"2892","-77.009","38.94267",2013-03-02,"transect"
"3837","-77.02583","38.938",2013-03-04,"transect"
"10889","-77.03383","38.90667",2013-03-11,"transect"
"7922","-77.05417","38.9205",2013-03-11,"transect"
"5566","-77.02767","38.93117",2013-03-15,"transect"
"72","-77.0205","38.95717",2013-03-18,"transect"
"9098","-77.0375","38.91533",2013-03-23,"thirdtransect"
"5024","-77.01533","38.933",2013-03-30,"transect"
"5209","-77.04317","38.9325",2013-04-01,"transect4"
"2806","-77.03567","38.943",2013-04-02,"transect"
"5206","-77.04517","38.9325",2013-04-06,"transect"
"11043","-77.0165","38.90633",2013-04-06,"transect"
"8325","-77.05083","38.91867",2013-04-08,"transect"
"10405","-77.02633","38.90933",2013-04-09,"transect"
"3660","-77.039","38.93867",2013-04-09,"transect_2"
"5999","-77.04","38.92917",2013-04-10,"transect"
"2461","-77.013","38.945",2013-04-14,"transect"
"873","-77.024","38.95133",2013-04-19,"transect"
"7609","-77.02183","38.92233",2013-04-29,"transect"
"6448","-77.05","38.92733",2013-04-30,"Transect4"
"10375","-77.06533","38.90933",2013-05-03,"transect"
"4893","-77.00767","38.9335",2013-05-08,"second_transect"
"8854","-77.0415","38.916",2013-05-15,"transect"
"2530","-77.02433","38.9445",2013-05-21,"transect"
"10238","-77.02767","38.91033",2013-05-24,"transect"
"2489","-77.01317","38.94483",2013-05-25,"transect"
"5033","-77.00767","38.933",2013-05-27,"transect"
"5760","-77.0205","38.93033",2013-05-28,"transect"
"6058","-77.01733","38.929",2013-05-30,"transect"
"338","-77.02667","38.95333",2013-06-02,"Transect1"
"6228","-77.03833","38.92817",2013-06-05,"transect"
"11694","-77.034","38.90367",2013-06-05,"transect"
"1436","-77.01483","38.94967",2013-06-06,"Transect1"
"7026","-77.03867","38.92483",2013-06-19,"transect"
"5947","-77.04417","38.92933",2013-06-21,"transect"
"1881","-77.01217","38.948",2013-06-26,"transect"
"883","-77.01567","38.95133",2013-06-29,"transect"
"2689","-77.0185","38.94367",2013-07-04,"transect"
"11159","-77.01767","38.90583",2013-07-09,"transect"
"1087","-77.009","38.95067",2013-07-23,"transect"
"4499","-77.019","38.9355",2013-07-28,"second_transect"
"3686","-77.04017","38.9385",2013-08-01,"transect"
"7193","-77.047","38.924",2013-08-10,"transect"
"2089","-77.02783","38.947",2013-08-11,"transect"
"10036","-77.06183","38.91133",2013-08-16,"transect"
"5779","-77.02217","38.93033",2013-08-20,"transect"
"8763","-77.0235","38.9165",2013-08-24,"transect"
"7343","-77.04933","38.9235",2013-09-01,"transect"
"6485","-77.04217","38.92717",2013-09-07,"transect"
"5577","-77.0185","38.93117",2013-09-16,"transect"
"9483","-77.05067","38.91417",2013-09-18,"transect"
"5178","-77.0305","38.9325",2013-09-20,"thirdtransect"
"11504","-77.03067","38.9045",2013-09-20,"transect"
"7925","-77.05217","38.9205",2013-09-21,"transect"
"9932","-77.06183","38.91183",2013-09-26,"transect"
"9723","-77.02883","38.913",2013-09-27,"transect"
"10484","-77.02383","38.90883",2013-10-06,"transect"
"8677","-77.0205","38.917",2013-10-10,"transect"
"4507","-77.0085","38.9355",2013-10-21,"transect"
"3446","-77.025","38.94",2013-10-22,"transect"
"1459","-77.015","38.9495",2013-10-24,"transect"
"836","-77.01233","38.9515",2013-10-24,"transect"
"1470","-77.009","38.9495",2013-10-28,"transect"
"11181","-77.0185","38.90583",2013-11-04,"TRANSECT"
"5335","-77.04333","38.932",2013-11-12,"transect"
"4909","-77.02517","38.93333",2013-11-22,"transect"
"8391","-77.01733","38.91833",2013-12-11,"second_transect"
"9803","-77.0545","38.9125",2013-12-20,"transect"
"3524","-77.03633","38.93933",2013-12-23,"transect"
"11552","-77.02267","38.90433",2013-12-23,"transect"
"4247","-77.0425","38.93633",2013-12-26,"transect"
"10715","-77.02217","38.9075",2013-12-27,"transect3"
"6656","-77.03683","38.9265",2013-12-31,"transect"
"1104","-77.02383","38.95067",2014-01-01,"transect"
"4445","-77.04267","38.93567",2014-01-05,"transect"
"6401","-77.03383","38.92767",2014-01-17,"transect"
"10911","-77.015","38.90667",2014-01-23,"transect"
"725","-77.00417","38.952",2014-01-24,"transect"
"2387","-77.014","38.94567",2014-01-30,"transect4"
"2775","-77.01833","38.94317",2014-01-30,"transect"
"5219","-77.0345","38.9325",2014-02-01,"transect"
"8014","-77.0525","38.92017",2014-02-02,"transect"
"5743","-77.0085","38.9305",2014-02-05,"transect"
"2137","-77.01717","38.94683",2014-02-08,"transect"
"11800","-77.03167","38.90317",2014-02-11,"transect"
"4127","-77.02867","38.93683",2014-02-17,"transect"
"10614","-77.025","38.908",2014-02-18,"transect"
"6553","-77.03983","38.927",2014-02-21,"transect"
"6484","-77.04317","38.92717",2014-02-22,"transect"
"8272","-77.0545","38.91883",2014-02-23,"transect"
"7663","-77.02067","38.922",2014-02-24,"transect"
"6740","-77.009","38.92617",2014-02-24,"transect"
"11616","-77.02233","38.904",2014-02-27,"transect"
"8008","-77.01433","38.92033",2014-03-03,"Transect"
"7540","-77.03783","38.92267",2014-03-05,"transect"
"5624","-77.02967","38.931",2014-03-06,"transect"
"1782","-77.00983","38.9485",2014-03-08,"transect"
"9445","-77.0315","38.91433",2014-03-10,"transect"
"5575","-77.0205","38.93117",2014-03-14,"transect"
"5243","-77.011","38.9325",2014-03-16,"transect"
"4401","-77.0245","38.93583",2014-03-19,"transect"
"3291","-77.01683","38.94083",2014-03-19,"transect"
"9475","-77.05867","38.91417",2014-03-22,"transect"
"1037","-77.01783","38.95083",2014-03-24,"transect"
"4504","-77.00917","38.9355",2014-03-25,"transect"
"5415","-77.00767","38.93183",2014-04-03,"transect"
"4255","-77.03283","38.93633",2014-04-03,"transect"
"10653","-77.03567","38.90767",2014-04-03,"transect"
"7713","-77.04333","38.92183",2014-04-07,"transect"
"9069","-77.03533","38.9155",2014-04-14,"transect"
"7555","-77.04633","38.9225",2014-04-15,"transect"
"1020","-77.0145","38.951",2014-04-25,"transect"
"392","-77.01517","38.953",2014-04-27,"first_transect"
"29","-77.01717","38.9575",2014-05-01,"transect"
"591","-77.0215","38.95233",2014-05-01,"transect"
"4671","-77.00783","38.9345",2014-05-04,"transect"
"8432","-77.04733","38.91817",2014-05-05,"transect"
"8897","-77.024","38.916",2014-05-05,"transect"
"10986","-77.035","38.9065",2014-05-09,"transect"
"1213","-77.01067","38.95033",2014-05-16,"transect"
"10779","-77.017","38.90717",2014-05-17,"transect4"
"7090","-77.03783","38.9245",2014-05-19,"transect"
"2662","-77.0105","38.944",2014-05-21,"transect"
"7381","-77.0355","38.92333",2014-05-30,"transect"
"5845","-77.0465","38.92983",2014-06-08,"transect"
"2829","-77.03417","38.94283",2014-06-09,"transect"
"5944","-77.04833","38.92933",2014-06-11,"transect"
"108","-77.0195","38.957",2014-06-16,"transect"
"3734","-77.01867","38.93833",2014-06-26,"transect"
"3479","-77.03517","38.93967",2014-06-29,"transect"
"6148","-77.01617","38.9285",2014-07-01,"transect"
"7262","-77.01733","38.92383",2014-07-03,"transect"
"10473","-77.0635","38.90883",2014-07-04,"transect"
"7994","-77.0455","38.92033",2014-07-08,"transect"
"1349","-77.0295","38.94983",2014-07-13,"transect"
"929","-77.01333","38.95117",2014-07-15,"transect"
"2304","-77.029","38.946",2014-07-15,"transect"
"11226","-77.01867","38.9055",2014-07-16,"transect"
"9480","-77.05683","38.91417",2014-07-27,"transect3"
"10387","-77.02667","38.90933",2014-07-30,"transect"
"2544","-77.0185","38.9445",2014-08-09,"transect"
"5768","-77.0475","38.93033",2014-08-09,"transect"
"4346","-77.008","38.936",2014-08-10,"transect"
"1445","-77.0085","38.94967",2014-08-11,"transect"
"10367","-77.027","38.9095",2014-08-15,"transect "
"1946","-77.031","38.94767",2014-08-18,"transect"
"5227","-77.02817","38.9325",2014-08-19,"transect"
"7620","-77.04967","38.92217",2014-08-20,"transect"
"8498","-77.053","38.91783",2014-08-21,"transect"
"11365","-77.0255","38.905",2014-08-22,"transect"
"593","-77.01467","38.95233",2014-08-23,"transect"
"7829","-77.01367","38.92117",2014-08-25,"transect"
"1517","-77.01733","38.94933",2014-08-31,"transect "
"581","-77.0045","38.9525",2014-09-01,"transect"
"3451","-77.015","38.94",2014-09-01,"transect"
"8129","-77.0465","38.91967",2014-09-12,"transect"
"8670","-77.048","38.917",2014-09-13,"transect"
"2331","-77.03217","38.94583",2014-09-14,"transect"
"9886","-77.0605","38.912",2014-09-16,"Transect2"
"11728","-77.00167","38.90367",2014-09-19,"transect"
"9015","-77.05783","38.91567",2014-09-23,"transect"
"9283","-77.03783","38.91467",2014-09-29,"transect"
"4949","-77.0245","38.93333",2014-10-01,"transect"
"11083","-77.0095","38.90633",2014-10-11,"transect"
"8569","-77.056","38.91733",2014-10-13,"transect"
"8053","-77.0495","38.92",2014-10-16,"transect"
"9926","-77.02933","38.912",2014-10-25,"transect3"
"10786","-77.06917","38.90717",2014-10-27,"transect"
"11463","-77.03083","38.9045",2014-10-29,"transect"
"8219","-77.033","38.91917",2014-10-31,"transect"
"9202","-77.04017","38.915",2014-11-08,"transect"
"10352","-77.0255","38.90967",2014-11-10,"transect"
"9085","-77.05483","38.91533",2014-11-11,"transect"
"11643","-77.02833","38.904",2014-11-12,"transect"
"4006","-77.03667","38.93733",2014-11-15,"transect"
"1929","-77.02333","38.94783",2014-11-24,"transect"
"1775","-77.014","38.9485",2014-11-27,"transect"
"11587","-77.03583","38.904",2014-11-29,"thirdtransect"
"8593","-77.0425","38.91733",2014-12-01,"transect"
"1999","-77.00817","38.94767",2014-12-03,"transect"
"11288","-77.025","38.90533",2014-12-03,"transect"
"7923","-77.054","38.9205",2014-12-05,"transect"
"4384","-77.04267","38.93583",2014-12-07,"transect"
"653","-77.00333","38.95217",2014-12-08,"transect"
"8963","-77.05767","38.91567",2014-12-11,"transect"
"7348","-77.04233","38.9235",2014-12-13,"Transect4"
"11570","-77.024","38.90417",2014-12-16,"transect"
"4880","-77.01917","38.9335",2014-12-23,"Transect4"
"5924","-77.03117","38.9295",2014-12-26,"transect"
"9366","-77.0325","38.9145",2015-01-02,"TRANSECT"
"77","-77.01617","38.95717",2015-01-05,"transect1"
"8596","-77.03533","38.91733",2015-01-08,"transect"
"8791","-77.0555","38.91633",2015-01-18,"transect4"
"233","-77.01367","38.95517",2015-01-23,"transect"
"475","-77.00183","38.953",2015-01-27,"transect"
"986","-77.00883","38.95117",2015-02-03,"transect"
"7028","-77.03767","38.92483",2015-02-04,"transect"
"2756","-77.0205","38.94333",2015-02-09,"transect"
"3361","-77.03333","38.9405",2015-02-15,"transect"
"4852","-77.0105","38.93367",2015-02-20,"Transect4"
"8633","-77.0195","38.91733",2015-02-25,"transect"
"11691","-77.03817","38.90367",2015-03-23,"transect"
"8231","-77.051","38.91917",2015-03-23,"transect"
"81","-77.022","38.957",2015-03-25,"transect"
"4195","-77.02983","38.9365",2015-03-26,"transect"
"4238","-77.02133","38.9365",2015-03-27,"transect "
"864","-77.00283","38.9515",2015-03-29,"transect"
"11411","-77.02583","38.90483",2015-04-01,"transect"
"9812","-77.02833","38.9125",2015-04-05,"transect"
"3159","-77.02317","38.9415",2015-04-06,"transect"
"1601","-77.03","38.949",2015-04-09,"transect"
"3456","-77.00783","38.94",2015-04-09,"transect"
"10133","-77.06133","38.91083",2015-04-10,"transect"
"4291","-77.02833","38.93617",2015-04-17,"transect"
"534","-77.02733","38.95267",2015-04-18,"transect"
"10132","-77.06183","38.91083",2015-04-21,"transect"
"9191","-77.05633","38.915",2015-04-23,"transect"
"4086","-77.02583","38.937",2015-04-24,"transect"
"6666","-77.00883","38.9265",2015-04-27,"transect"
"1886","-77.0095","38.948",2015-05-06,"transect"
"7015","-77.05217","38.92483",2015-05-10,"transect"
"8844","-77.05683","38.916",2015-05-12,"transect"
"4863","-77.036","38.9335",2015-05-13,"transect"
"977","-77.01567","38.95117",2015-05-16,"transect"
"10230","-77.06167","38.91033",2015-05-17,"transect"
"1456","-77.01833","38.9495",2015-05-21,"transect"
"5429","-77.0295","38.93167",2015-05-22,"transect"
"3719","-77.03733","38.93833",2015-05-23,"transect"
"1286","-77.01667","38.95017",2015-06-15,"transect"
"7982","-77.054","38.92033",2015-06-17,"transect"
"4286","-77.0355","38.93617",2015-06-18,"transect"
"6323","-77.04117","38.92783",2015-06-20,"transect"
"4902","-77.03483","38.93333",2015-06-23,"transect1"
"3383","-77.019","38.94033",2015-06-27,"transect"
"5192","-77.01667","38.9325",2015-06-28,"transect"
"7582","-77.04383","38.92233",2015-06-30,"transect"
"7378","-77.036","38.92333",2015-07-03,"transect"
"1654","-77.01183","38.94883",2015-07-03,"transect"
"8254","-77.05033","38.919",2015-07-07,"transect"
"2543","-77.01867","38.9445",2015-07-15,"transect"
"9949","-77.02783","38.91183",2015-07-19,"transect"
"10244","-77.06417","38.91033",2015-07-20,"Transect1"
"4786","-77.0125","38.93383",2015-07-21,"transect"
"8832","-77.03","38.91617",2015-07-28,"transect"
"3019","-77.01117","38.942",2015-07-30,"transect"
"4433","-77.0205","38.93567",2015-07-31,"transect"
"9795","-77.0615","38.9125",2015-08-03,"transect"
"6933","-77.0425","38.92517",2015-08-04,"transect"
"5271","-77.02717","38.93233",2015-08-05,"transect"
"4654","-77.00733","38.93467",2015-08-11,"transect"
"10505","-77.0665","38.9085",2015-08-12,"transect"
"3260","-77.009","38.941",2015-08-14,"transect"
"1130","-77.00567","38.95067",2015-08-16,"transect"
"4996","-77.01183","38.93317",2015-08-20,"transect"
"2681","-77.00933","38.94383",2015-08-22,"transect"
"4295","-77.02217","38.93617",2015-09-02,"transect"
"3028","-77.033","38.94183",2015-09-16,"transect"
"5255","-77.04283","38.93233",2015-09-17,"transect"
"4653","-77.0075","38.93467",2015-09-21,"transect"
"11783","-77.001","38.90333",2015-09-23,"transect"
"8416","-77.01733","38.91833",2015-09-23,"transect"
"2623","-77.01333","38.94417",2015-09-24,"transect"
"11656","-77.02217","38.904",2015-09-27,"transect"
"9240","-77.038","38.91483",2015-09-28,"transect"
"1526","-77.013","38.94933",2015-09-29,"transect"
"9301","-77.058","38.91467",2015-09-30,"transect"
"6818","-77.02267","38.92583",2015-10-01,"transect"
"1232","-77.0235","38.95033",2015-10-09,"transect"
"3","-77.01917","38.95767",2015-10-12,"transect"
"11494","-77.00367","38.9045",2015-10-20,"transect"
"9271","-77.05583","38.91467",2015-10-20,"transect"
"7557","-77.04367","38.9225",2015-10-27,"transect"
"7148","-77.03917","38.92433",2015-11-12,"transect"
"3252","-77.01767","38.941",2015-11-13,"Transect5"
"1274","-77.02933","38.95017",2015-11-14,"transect"
"7873","-77.05167","38.92083",2015-11-19,"transect"
"2645","-77.00933","38.94417",2015-11-23,"transect"
"10803","-77.0215","38.90717",2015-11-26,"transect"
"2317","-77.0175","38.946",2015-12-01,"TRANSECT"
"10035","-77.06267","38.91133",2015-12-04,"transect"
"11734","-77.034","38.9035",2015-12-06,"transect"
"11467","-77.03033","38.9045",2015-12-14,"transect"
"10763","-77.068","38.90717",2015-12-29,"transect"
"11806","-77.02883","38.90317",2015-12-31,"transect"
"3992","-77.02833","38.9375",2015-12-31,"transect"
"7478","-77.0415","38.92283",2016-01-03,"transect"
"11708","-77.022","38.90367",2016-01-05,"transect"
"11782","-77.00117","38.90333",2016-01-06,"transect"
"9591","-77.06017","38.91367",2016-01-08,"transect"
"1116","-77.01533","38.95067",2016-01-11,"transect"
"8320","-77.0545","38.91867",2016-01-12,"transect"
"333","-77.02667","38.9535",2016-01-12,"transect"
"10797","-77.03383","38.90717",2016-01-13,"transect"
"1818","-77.02267","38.94817",2016-01-16,"transect"
"9509","-77.029","38.91417",2016-01-18,"transects"
"852","-77.008","38.9515",2016-01-21,"transect"
"7400","-77.0465","38.92317",2016-01-26,"transect"
"8749","-77.057","38.9165",2016-01-28,"transect"
"6812","-77.03733","38.92583",2016-02-01,"TRANSECT"
"8621","-77.043","38.91733",2016-02-04,"transect"
"10842","-77.01717","38.907",2016-02-08,"transect"
"10053","-77.02867","38.91133",2016-02-20,"transect"
"5571","-77.024","38.93117",2016-02-26,"transect"
"11169","-77.07","38.90583",2016-02-29,"transect"
"7596","-77.05383","38.92233",2016-03-01,"transect"
"11803","-77.0305","38.90317",2016-03-03,"transect"
"8085","-77.04617","38.92",2016-03-06,"transect"
"889","-77.0115","38.95133",2016-03-06,"transect"
"8483","-77.04983","38.91783",2016-03-19,"transect"
"1248","-77.01633","38.95033",2016-03-28,"transect"
"3977","-77.022","38.9375",2016-04-03,"transect"
"4573","-77.04317","38.935",2016-04-07,"transect"
"2538","-77.0195","38.9445",2016-04-10,"transect"
"10010","-77.06167","38.9115",2016-04-14,"transect"
"520","-77.004","38.95283",2016-04-16,"Transect5"
"5970","-77.008","38.92933",2016-04-20,"transect"
"11297","-77.02117","38.90533",2016-04-23,"first_transect"
"9340","-77.05617","38.9145",2016-04-28,"transect"
"2815","-77.01183","38.943",2016-05-01,"transect"
"570","-77.02083","38.9525",2016-05-05,"transect"
"4126","-77.02933","38.93683",2016-05-06,"transect"
"9615","-77.05917","38.9135",2016-05-06,"transect"
"11219","-77.033","38.9055",2016-05-08,"transect"
"3313","-77.03133","38.94067",2016-05-14,"transect"
"7661","-77.0215","38.922",2016-05-21,"Transect1"
"7460","-77.027","38.923",2016-05-23,"transect"
"3628","-77.01583","38.93883",2016-05-25,"transect"
"116","-77.01533","38.957",2016-05-28,"transect"
"9395","-77.03967","38.91433",2016-05-30,"transect"
"9066","-77.0375","38.9155",2016-05-30,"transect"
"613","-77.0025","38.95233",2016-06-02,"transect"
"2015","-77.01033","38.9475",2016-06-04,"transect"
"3923","-77.01933","38.93783",2016-06-05,"transect"
"242","-77.01767","38.95517",2016-06-17,"transect"
"11289","-77.02483","38.90533",2016-06-17,"transect"
"10931","-77.03367","38.90667",2016-06-20,"transect"
"9137","-77.0365","38.91517",2016-06-21,"transect"
"3600","-77.01967","38.939",2016-06-22,"transect"
"3245","-77.0245","38.941",2016-06-25,"transect"
"8909","-77.057","38.91583",2016-06-26,"transect"
"386","-77.027","38.953",2016-06-30,"transect"
"6456","-77.03917","38.92733",2016-07-03,"transect"
"8998","-77.0395","38.91567",2016-07-04,"transect"
"703","-77.023","38.952",2016-07-04,"transect"
"10657","-77.02467","38.90767",2016-07-09,"Transect3"
"328","-77.01017","38.95383",2016-07-11,"transect"
"9086","-77.05467","38.91533",2016-07-16,"transect"
"3796","-77.02617","38.93817",2016-07-18,"transect"
"89861","-77.0435","38.91567",2016-07-19,"transect"
"2592","-77.02567","38.94433",2016-07-20,"transect"
"3388","-77.01533","38.94033",2016-07-22,"transect"
"9048","-77.05533","38.9155",2016-07-24,"transect"
"6883","-77.04317","38.92533",2016-07-25,"transect"
"4779","-77.01733","38.93383",2016-08-01,"transect"
"6398","-77.03433","38.92767",2016-08-02,"transect"
"8987","-77.04333","38.91567",2016-08-04,"transect"
"574","-77.01483","38.9525",2016-08-06,"transect"
"1724","-77.01883","38.9485",2016-08-07,"transect"
"2292","-77.01133","38.94617",2016-08-08,"transect"
"6374","-77.01067","38.92767",2016-08-10,"transect"
"6305","-77.02317","38.928",2016-08-17,"transect"
"5664","-77.01233","38.93083",2016-08-19,"transect"
"7815","-77.0525","38.92117",2016-08-27,"transect"
"5756","-77.02683","38.93033",2016-09-01,"transect"
"7547","-77.01183","38.92267",2016-09-02,"transect"
"5175","-77.032","38.9325",2016-09-05,"transect"
"9585","-77.03117","38.91383",2016-09-10,"transect"
"5782","-77.0205","38.93033",2016-09-15,"transect"
"4908","-77.02533","38.93333",2016-09-16,"transect"
"5246","-77.01017","38.9325",2016-09-19,"transect"
"5987","-77.02367","38.92933",2016-09-21,"transect"
"9402","-77.033","38.91433",2016-09-21,"transect"
"10288","-77.063","38.91",2016-09-30,"transect"
"6472","-77.019","38.92733",2016-10-03,"transect"
"1202","-77.01583","38.95033",2016-10-05,"transect"
"3956","-77.008","38.93767",2016-10-17,"transect"
"3527","-77.0225","38.93933",2016-10-27,"transect"
"5522","-77.04067","38.93133",2016-10-27,"transect"
"1525","-77.01317","38.94933",2016-10-31,"transect"
"7993","-77.04567","38.92033",2016-11-05,"transect"
"6210","-77.01783","38.92833",2016-11-07,"transect"
"3218","-77.0255","38.94117",2016-11-09,"transect"
"7899","-77.04867","38.92067",2016-11-12,"transect"
"9854","-77.02983","38.91233",2016-11-15,"transect"
"6563","-77.02233","38.927",2016-11-16,"transect"
"3271","-77.01883","38.941",2016-11-17,"first_transect"
"3836","-77.02583","38.938",2016-11-20,"transect"
"867","-77.00233","38.9515",2016-11-26,"transect"
"6245","-77.01633","38.92817",2016-12-04,"transect"
"8465","-77.03417","38.918",2016-12-04,"transect"
"73","-77.02033","38.95717",2016-12-08,"transect"
"2312","-77.019","38.946",2016-12-10,"transect"
"396","-77.00567","38.953",2016-12-11,"transect"
"4233","-77.02783","38.9365",2016-12-14,"transect"
"1738","-77.0135","38.9485",2016-12-17,"transect"
"10447","-77.06667","38.909",2016-12-19,"transect"
"5653","-77.02817","38.93083",2016-12-21,"transect"
"8218","-77.0375","38.91917",2016-12-22,"transect"
"3780","-77.01017","38.93833",2016-12-22,"transect"
"11726","-77.02217","38.90367",2016-12-23,"transect"
"6368","-77.0255","38.92767",2016-12-24,"transect"
"6861","-77.04017","38.9255",2016-12-26,"transect"
"5462","-77.0285","38.93167",2016-12-29,"transect"
"5479","-77.044","38.9315",2016-12-29,"transect"
"10183","-77.06133","38.91067",2017-01-03,"transect"
"5951","-77.03733","38.92933",2017-01-06,"transect"
"9699","-77.0305","38.91317",2017-01-08,"transect"
"4223","-77.033","38.9365",2017-01-10,"transect"
"1211","-77.011","38.95033",2017-01-11,"transect"
"11200","-77.033","38.90567",2017-01-12,"transect"
"11324","-77.02617","38.90517",2017-01-17,"transect"
"4342","-77.011","38.936",2017-01-25,"transect4"
"6498","-77.0325","38.92717",2017-01-27,"transect"
"9474","-77.05883","38.91417",2017-02-01,"transect"
"5350","-77.027","38.932",2017-02-04,"transect"
"2244","-77.011","38.94633",2017-02-16,"transect"
"6779","-77.0415","38.92583",2017-02-20,"transect"
"8301","-77.0485","38.91867",2017-02-22,"transect"
"6569","-77.0085","38.927",2017-02-28,"transect"
"89","-77.01617","38.957",2017-03-03,"transect"
"7768","-77.02233","38.9215",2017-03-03,"transect"
"9510","-77.02883","38.91417",2017-03-06,"transect"
"7560","-77.042","38.9225",2017-03-06,"transect_2"
"11156","-77.024","38.90583",2017-03-08,"transect"
"5259","-77.03833","38.93233",2017-03-08,"transect"
"3555","-77.01617","38.93917",2017-03-10,"Transect2"
"8975","-77.0455","38.91567",2017-03-12,"transect"
"6962","-77.03817","38.925",2017-03-13,"transect"
"5361","-77.01917","38.932",2017-03-14,"transects"
"8988","-77.04317","38.91567",2017-03-16,"thirdtransect"
"8711","-77.0525","38.91683",2017-03-17,"Transect"
"5240","-77.01233","38.9325",2017-03-20,"transect"
"659","-77.00233","38.95217",2017-03-22,"transect"
"4175","-77.01617","38.93667",2017-03-24,"transect"
"6593","-77.0085","38.92683",2017-03-29,"transect"
"4896","-77.0435","38.93333",2017-04-04,"transect"
"39","-77.01733","38.95733",2017-04-05,"Transect5"
"3400","-77.03817","38.94017",2017-04-11,"transect"
"4901","-77.036","38.93333",2017-04-12,"transect"
"1166","-77.0105","38.9505",2017-04-20,"transect"
"8921","-77.04483","38.91583",2017-04-21,"transect"
"7664","-77.013","38.922",2017-04-23,"transect"
"5291","-77.0075","38.93233",2017-04-25,"transect"
"3766","-77.02","38.93833",2017-05-09,"transect"
"3610","-77.00767","38.939",2017-05-10,"transect"
"3918","-77.02083","38.93783",2017-05-16,"transect"
"8653","-77.02083","38.91717",2017-05-18,"transect"
"6998","-77.03333","38.925",2017-05-24,"transect"
"496","-77.01633","38.95283",2017-05-29,"transect"
"7640","-77.01217","38.92217",2017-06-01,"transect"
"8876","-77.0545","38.916",2017-06-10,"transect"
"9182","-77.05883","38.915",2017-06-12,"transect"
"6138","-77.02967","38.9285",2017-06-14,"transect"
"4631","-77.00783","38.93467",2017-06-16,"transect"
"8911","-77.05483","38.91583",2017-06-18,"transect"
"5618","-77.047","38.931",2017-06-21,"transect"
"7230","-77.02683","38.924",2017-07-01,"transect"
"458","-77.00667","38.953",2017-07-05,"transect"
"9884","-77.06083","38.912",2017-07-06,"transect"
"8797","-77.036","38.91633",2017-07-07,"transect"
"2685","-77.02933","38.94367",2017-07-09,"transect"
"10817","-77.06917","38.907",2017-07-12,"transect"
"9121","-77.055","38.91517",2017-07-12,"transect"
"3030","-77.03","38.94183",2017-07-24,"transect"
"828","-77.00183","38.95167",2017-07-27,"transect"
"4723","-77.0315","38.93417",2017-07-28,"transect"
"499","-77.01467","38.95283",2017-08-08,"transect"
"1466","-77.0125","38.9495",2017-08-08,"transect"
"7857","-77.04833","38.921",2017-08-10,"transect"
"1822","-77.0185","38.94817",2017-08-11,"transect"
"9710","-77.05817","38.913",2017-08-13,"transect"
"814","-77.00883","38.95167",2017-08-19,"transect"
"5772","-77.0365","38.93033",2017-08-24,"transect"
"10031","-77.02733","38.9115",2017-08-25,"transect"
"4987","-77.02533","38.93317",2017-08-29,"transect"
"24","-77.018","38.9575",2017-09-01,"second_transect"
"7362","-77.01117","38.9235",2017-09-02,"transect"
"4692","-77.04367","38.93433",2017-09-03,"transect"
"4599","-77.03233","38.93483",2017-09-08,"transect"
"800","-77.00183","38.95167",2017-09-18,"transect"
"6935","-77.04083","38.92517",2017-09-18,"transect"
"8362","-77.034","38.9185",2017-09-28,"transect"
"8276","-77.05133","38.91883",2017-10-01,"transect"
"739","-77.01483","38.95183",2017-10-02,"transect"
"7418","-77.01117","38.92317",2017-10-06,"transect"
"8056","-77.047","38.92",2017-10-07,"transect"
"1497","-77.01367","38.94933",2017-10-09,"transect"
"274","-77.01283","38.95467",2017-10-12,"transect"
"6101","-77.03167","38.92867",2017-10-16,"transect"
"10366","-77.03517","38.9095",2017-10-19,"transect"
"5617","-77.04717","38.931",2017-10-20,"transect"
"2110","-77.0165","38.947",2017-10-30,"transect"
"7637","-77.01267","38.92217",2017-11-03,"Transect5"
"6443","-77.0185","38.9275",2017-11-06,"TRANSECT"
"2058","-77.01183","38.94717",2017-11-09,"transect"
"98","-77.0225","38.957",2017-11-10,"transect"
"1679","-77.0215","38.94867",2017-11-21,"transect"
"6315","-77.01083","38.928",2017-11-22,"transect"
"8706","-77.0565","38.91683",2017-11-23,"transect"
"6654","-77.03883","38.9265",2017-11-25,"transect"
"4878","-77.0235","38.9335",2017-12-02,"transect"
"10789","-77.068","38.90717",2017-12-05,"transect"
"11034","-77.06767","38.90633",2017-12-06,"transect"
"1553","-77.01667","38.94917",2017-12-07,"transect"
"2980","-77.018","38.94217",2017-12-12,"transect"
"2229","-77.027","38.94633",2017-12-15,"transect"
"9944","-77.03783","38.91183",2017-12-16,"transect"
"2636","-77.01883","38.94417",2017-12-22,"transect"
"10647","-77.06717","38.90767",2017-12-25,"transect"
"11302","-77.0205","38.90533",2017-12-27,"transect"
"4565","-77.01267","38.93517",2018-01-03,"transect"
"6886","-77.04033","38.92533",2018-01-16,"transect"
"8878","-77.05433","38.916",2018-01-18,"transect"
"3804","-77.02033","38.93817",2018-01-18,"transect"
"11264","-77.00617","38.90533",2018-01-26,"transect"
"3807","-77.01933","38.93817",2018-01-28,"second_transect"
"8170","-77.05367","38.9195",2018-01-29,"transect"
"10571","-77.02533","38.90817",2018-01-30,"transect"
"6284","-77.01017","38.928",2018-02-03,"transect"
"4221","-77.03517","38.9365",2018-02-08,"transect"
"657","-77.00267","38.95217",2018-02-09,"transect"
"7328","-77.031","38.92367",2018-02-19,"transect"
"10960","-77.01417","38.90667",2018-02-22,"transect"
"726","-77.00417","38.952",2018-02-25,"transect"
"78","-77.016","38.95717",2018-03-05,"transect"
"2194","-77.01017","38.94667",2018-03-07,"transect"
"7128","-77.01717","38.9245",2018-03-09,"transect"
"70","-77.02083","38.95717",2018-03-10,"transect"
"10229","-77.06183","38.91033",2018-03-11,"TRANSECT"
"8567","-77.01883","38.9175",2018-03-11,"transect"
"714","-77.01317","38.952",2018-03-21,"transect3"
"2582","-77.0125","38.9445",2018-03-24,"transect"
"8343","-77.05517","38.9185",2018-03-30,"transect"
"220","-77.0125","38.95533",2018-03-30,"transect"
"6899","-77.0095","38.92533",2018-04-06,"transect"
"11723","-77.0265","38.90367",2018-04-10,"transect"
"4266","-77.02183","38.93633",2018-04-11,"transect"
"8611","-77.05367","38.91733",2018-04-14,"transect"
"4585","-77.01183","38.935",2018-04-20,"transect"
"4672","-77.00767","38.9345",2018-04-23,"transect"
"5769","-77.04583","38.93033",2018-04-23,"transect"
"10475","-77.0365","38.90883",2018-04-24,"transect"
"11121","-77.069","38.906",2018-04-25,"transect"
"1692","-77.0185","38.94867",2018-04-25,"transect"
"7435","-77.03517","38.92317",2018-04-27,"transect"
"8837","-77.02317","38.91617",2018-04-27,"transect"
"8714","-77.05217","38.91683",2018-04-28,"Transect5"
"7373","-77.0425","38.92333",2018-04-30,"transect"
"5934","-77.02117","38.9295",2018-05-06,"transect"
"4482","-77.04283","38.9355",2018-05-10,"transect"
"11516","-77.02883","38.9045",2018-05-10,"transect"
"7331","-77.02233","38.92367",2018-05-11,"transect"
"884","-77.0155","38.95133",2018-05-13,"transect"
"8313","-77.0165","38.91867",2018-05-15,"transect"
"10882","-77.069","38.90667",2018-05-17,"transect"
"8443","-77.03417","38.91817",2018-05-20,"transect"
"10765","-77.067","38.90717",2018-05-26,"transect"
"10974","-77.06983","38.9065",2018-05-28,"transect"
"8685","-77.05433","38.917",2018-06-01,"transect"
"596","-77.01417","38.95233",2018-06-19,"transect"
"6343","-77.0085","38.92783",2018-06-20,"transect"
"8337","-77.017","38.91867",2018-06-22,"transect"
"3745","-77.0075","38.93833",2018-06-27,"transect"
"8479","-77.05217","38.91783",2018-06-30,"transect"
"4881","-77.0185","38.9335",2018-06-30,"transect"
"9229","-77.05567","38.91483",2018-07-03,"transect"
"9674","-77.03917","38.91333",2018-07-09,"transect"
"7174","-77.0395","38.92417",2018-07-10,"transect"
"8910","-77.0565","38.91583",2018-07-13,"transect"
"3797","-77.026","38.93817",2018-07-14,"transect"
"8873","-77.05733","38.916",2018-07-26,"transect"
"9607","-77.03117","38.91367",2018-08-15,"transect"
"11548","-77.02383","38.90433",2018-08-23,"second_transect"
"1236","-77.02117","38.95033",2018-08-31,"transect"
"5512","-77.00767","38.9315",2018-09-07,"transect"
"11599","-77.02817","38.904",2018-09-17,"transect"
"1744","-77.00783","38.9485",2018-09-19,"transect"
"11390","-77.02517","38.905",2018-09-22,"transect"
"4307","-77.008","38.93617",2018-09-23,"transect"
"9960","-77.05967","38.91167",2018-09-25,"transect"
"429","-77.02717","38.953",2018-10-05,"transect"
"2809","-77.0305","38.943",2018-10-12,"transect"
"4068","-77.04183","38.937",2018-10-14,"Transect3"
"217","-77.02283","38.95533",2018-10-19,"transect"
"1393","-77.021","38.94983",2018-10-29,"transect"
"4321","-77.03183","38.936",2018-11-02,"transect"
"10118","-77.03617","38.911",2018-11-02,"transect"
"3286","-77.03217","38.94083",2018-11-08,"transect"
"11132","-77.024","38.906",2018-11-16,"transect"
"1559","-77.01383","38.94917",2018-11-21,"transect"
"6864","-77.03783","38.9255",2018-11-21,"transect"
"11291","-77.0245","38.90533",2018-11-24,"transect"
"4358","-77.0335","38.936",2018-11-30,"transect"
"4064","-77.01617","38.937",2018-12-10,"transect"
"9809","-77.03033","38.9125",2018-12-11,"transect"
"7421","-77.04983","38.92317",2018-12-14,"transect"
"7482","-77.03417","38.92283",2018-12-20,"transect"
"723","-77.0045","38.952",2018-12-21,"transect"
"11168","-77.07017","38.90583",2018-12-22,"transect"
"3482","-77.02517","38.93967",2018-12-31,"transect"
"113","-77.01583","38.957",2019-01-01,"transect"
"9070","-77.02517","38.9155",2019-01-13,"transect"
"470","-77.00483","38.953",2019-01-14,"transect"
"9890","-77.05617","38.912",2019-01-17,"transect"
"11573","-77.02333","38.90417",2019-01-21,"transect"
"858","-77.00667","38.9515",2019-02-12,"transect"
"4274","-77.00883","38.93633",2019-02-16,"transect"
"11414","-77.0255","38.90483",2019-02-18,"transect"
"2656","-77.01417","38.944",2019-02-20,"transect"
"7047","-77.05217","38.92467",2019-02-24,"transect"
"7385","-77.027","38.92333",2019-02-27,"transect"
"1072","-77.017","38.95067",2019-02-27,"transect"
"7304","-77.04917","38.92367",2019-02-28,"transect"
"8131","-77.03783","38.91967",2019-03-01,"transect"
"1832","-77.01617","38.94817",2019-03-07,"transect"
"5580","-77.017","38.93117",2019-03-10,"Transect3"
"11817","-77.00083","38.90317",2019-03-11,"transect"
"1080","-77.01433","38.95067",2019-03-12,"transect"
"9401","-77.03317","38.91433",2019-03-15,"transect"
"8656","-77.02033","38.91717",2019-03-16,"transect"
"378","-77.00233","38.95317",2019-03-17,"transect"
"7828","-77.02367","38.92117",2019-03-22,"transect"
"11669","-77.03667","38.90383",2019-03-25,"transect"
"9151","-77.05817","38.91517",2019-03-28,"transect"
"2638","-77.014","38.94417",2019-04-03,"transect"
"4757","-77.01583","38.934",2019-04-06,"Transect4"
"7077","-77.00983","38.92467",2019-04-08,"transect"
"5487","-77.04017","38.9315",2019-04-11,"transect"
"2111","-77.01633","38.947",2019-04-16,"transect"
"4807","-77.01717","38.93383",2019-04-26,"transect_2"
"8164","-77.0335","38.91967",2019-04-27,"transect"
"4425","-77.0295","38.93567",2019-04-27,"transect"
"2563","-77.01283","38.9445",2019-04-28,"transect"
"6160","-77.04583","38.9285",2019-05-02,"transect"
"11225","-77.01883","38.9055",2019-05-02,"transect"
"9037","-77.03767","38.91567",2019-05-02,"transect"
"6430","-77.0355","38.9275",2019-05-04,"transect"
"7814","-77.0535","38.92117",2019-05-05,"transect"
"9472","-77.05917","38.91417",2019-05-07,"transect"
"11381","-77.0325","38.905",2019-05-09,"transect"
"11032","-77.06833","38.90633",2019-05-10,"transect"
"9532","-77.0395","38.914",2019-05-11,"transect"
"11313","-77.00517","38.90533",2019-05-12,"transect"
"4568","-77.009","38.93517",2019-05-16,"transect"
"10176","-77.06383","38.91067",2019-05-23,"transect"
"10598","-77.06783","38.908",2019-05-30,"transect"
"5480","-77.04267","38.9315",2019-06-02,"transect"
"9243","-77.03583","38.91483",2019-06-05,"transect"
"3475","-77.03583","38.93967",2019-06-10,"transect"
"10378","-77.06383","38.90933",2019-06-13,"transect"
"1394","-77.0185","38.94983",2019-06-18,"transect"
"7295","-77.02233","38.92367",2019-06-21,"transect"
"7900","-77.04767","38.92067",2019-06-23,"transect"
"6799","-77.05117","38.92583",2019-06-24,"transect"
"7880","-77.045","38.92083",2019-06-27,"transect"
"5966","-77.01617","38.92933",2019-07-01,"transect"
"4394","-77.03367","38.93583",2019-07-13,"transect"
"64","-77.02167","38.95717",2019-07-14,"first_transect"
"3548","-77.02533","38.93917",2019-07-16,"transect"
"6829","-77.05117","38.92567",2019-07-18,"transect"
"8345","-77.05483","38.9185",2019-07-19,"transect"
"9259","-77.05917","38.91467",2019-07-22,"transect"
"11033","-77.06783","38.90633",2019-07-31,"transect"
"738","-77.015","38.95183",2019-08-07,"transect"
"925","-77.0155","38.95117",2019-08-14,"transect"
"5963","-77.022","38.92933",2019-08-14,"transect"
"8346","-77.05467","38.9185",2019-08-16,"transect"
"1920","-77.03083","38.94783",2019-08-19,"transect"
"7116","-77.04083","38.9245",2019-08-22,"transect"
"476","-77.00183","38.953",2019-08-24,"transect"
"2998","-77.0285","38.942",2019-08-26,"transect"
"10731","-77.06833","38.90733",2019-08-26,"transect"
"9141","-77.03583","38.91517",2019-08-29,"transect"
"5260","-77.03817","38.93233",2019-08-31,"transect"
"3203","-77.012","38.94133",2019-09-10,"first_transect"
"313","-77.0125","38.95417",2019-09-14,"transect"
"11055","-77.06933","38.90633",2019-09-15,"transect"
"6983","-77.00967","38.925",2019-09-23,"transect"
"5390","-77.00817","38.932",2019-09-29,"transect3"
"6428","-77.03633","38.9275",2019-09-30,"transect"
"1139","-77.02517","38.9505",2019-10-05,"transect"
"10885","-77.06717","38.90667",2019-10-09,"transect4"
"4429","-77.02267","38.93567",2019-10-12,"transect"
"10214","-77.03583","38.9105",2019-10-14,"transect"
"6066","-77.049","38.92883",2019-10-19,"transect3"
"10321","-77.06467","38.90983",2019-10-21,"transect"
"2046","-77.02333","38.94717",2019-10-21,"transect"
"10159","-77.06117","38.91067",2019-10-24,"transect"
"2112","-77.01617","38.947",2019-10-26,"transect"
"6979","-77.01467","38.925",2019-10-28,"transect"
"2394","-77.009","38.94567",2019-10-29,"Transect4"
"414","-77.00283","38.953",2019-10-30,"transect"
"2900","-77.033","38.9425",2019-11-03,"transect"
"1124","-77.01","38.95067",2019-11-05,"transect"
"949","-77.027","38.95117",2019-11-11,"transect"
"5107","-77.0445","38.93267",2019-11-11,"transect"
"5788","-77.00767","38.93033",2019-11-12,"transect"
"8227","-77.05467","38.91917",2019-11-18,"transect"
"5949","-77.03933","38.92933",2019-11-25,"transect"
"4471","-77.01767","38.93567",2019-11-30,"transect"
"8338","-77.01683","38.91867",2019-12-12,"transect"
"2285","-77.0165","38.94617",2019-12-15,"transect"
"5042","-77.0365","38.933",2019-12-16,"transect"
"11486","-77.02417","38.9045",2019-12-28,"transect"
"11423","-77.0225","38.90483",2019-12-29,"transect"
"8376","-77.04967","38.91833",2020-01-02,"transect"
"2897","-77.035","38.9425",2020-01-02,"transect"
"8894","-77.0405","38.916",2020-01-04,"transect"
"7368","-77.04783","38.92333",2020-01-05,"transect"
"11716","-77.034","38.90367",2020-01-08,"transect"
"7246","-77.04167","38.92383",2020-01-09,"transect"
"6880","-77.04617","38.92533",2020-01-10,"transect"
"161","-77.0235","38.95633",2020-01-14,"transect"
"8947","-77.0395","38.91583",2020-01-16,"transects"
"649","-77.004","38.95217",2020-01-22,"transect"
"8765","-77.02167","38.9165",2020-01-25,"transect"
"1328","-77.01567","38.95",2020-01-27,"transect"
"10766","-77.06683","38.90717",2020-01-29,"transect"
"2888","-77.011","38.94267",2020-01-31,"transect"
"5603","-77.02617","38.93117",2020-02-01,"transect"
"6344","-77.00833","38.92783",2020-02-08,"transect"
"11295","-77.0215","38.90533",2020-02-09,"transect"
"1109","-77.01717","38.95067",2020-02-09,"transect"
"7632","-77.03133","38.92217",2020-02-10,"transect"
"11014","-77.01317","38.9065",2020-02-17,"transect"
"34","-77.019","38.95733",2020-02-17,"transect"
"3454","-77.01383","38.94",2020-02-19,"transect"
"7458","-77.031","38.923",2020-02-23,"transect"
"9758","-77.05383","38.91283",2020-02-24,"transect"
"4894","-77.0445","38.93333",2020-02-28,"transect"
"101","-77.022","38.957",2020-03-01,"transect"
"11070","-77.02417","38.90633",2020-03-02,"transect"
"9714","-77.05333","38.913",2020-03-08,"transect"
"441","-77.01567","38.953",2020-03-13,"Transect2"
"5377","-77.029","38.932",2020-03-14,"transect"
"2125","-77.03","38.94683",2020-03-15,"transect"
"3926","-77.018","38.93783",2020-03-25,"transect"
"7512","-77.04167","38.92267",2020-03-26,"transect"
"10689","-77.016","38.90767",2020-04-04,"transect"
"2504","-77.01617","38.94467",2020-04-08,"transect"
"10761","-77.0685","38.90717",2020-04-16,"transect"
"2042","-77.031","38.94717",2020-04-18,"transect"
"10723","-77.015","38.9075",2020-04-22,"first_transect"
"3792","-77.03633","38.93817",2020-04-22,"transect"
"3958","-77.0075","38.93767",2020-04-27,"transect4"
"265","-77.01167","38.95483",2020-04-28,"transect"
"11741","-77.02967","38.9035",2020-04-29,"transect"
"3324","-77.01267","38.94067",2020-04-30,"transect"
"5244","-77.01064","38.93245",2017-04-30,"transect"
"9","-77.01827","38.95766",2015-11-21,"transect"
"7876","-77.04757","38.92081",2011-04-15,"transect"
"5069","-77.04492","38.93281",2013-02-11,"transect"
"1489","-77.0217","38.94942",2016-02-06,"transect"
"6230","-77.03401","38.9282",2015-11-14,"transect"
"9751","-77.06004","38.9128",2016-12-03,"first_transect"
"10660","-77.02232","38.90771",2012-09-18,"transect"
"9175","-77.03604","38.91511",2020-02-24,"transect"
"2833","-77.02856","38.94287",2014-03-16,"transect"
"1971","-77.01064","38.94772",2016-02-02,"transect"
"6878","-77.05147","38.92541",2012-02-04,"transect"
"8091","-77.03199","38.91996",2014-10-11,"transect"
"4716","-77.04305","38.93414",2015-12-02,"transect"
"1344","-77.00752","38.95002",2014-04-12,"transect"
"1693","-77.01827","38.94869",2019-06-09,"transect"
"3347","-77.01609","38.94057",2016-07-03,"transect"
"718","-77.00674","38.95196",2015-07-26,"transect"
"10024","-77.03775","38.91147",2012-06-19,"transect"
"8877","-77.05443","38.91596",2018-10-05,"transect"
"1567","-77.00767","38.94917",2018-09-16,"transect"
"6890","-77.03791","38.92541",2011-07-31,"transect"
"9540","-77.06004","38.9139",2014-10-24,"transect"
"8247","-77.01562","38.91911",2012-05-13,"transect"
"3143","-77.03728","38.94142",2015-03-25,"TRANSECT"
"9005","-77.03838","38.91572",2014-12-28,"transect"
"10130","-77.06269","38.91086",2013-02-07,"transect"
"8035","-77.03199","38.9202",2017-02-02,"transect"
"3140","-77.00923","38.94154",2010-10-20,"transect"
"6355","-77.0351","38.92772",2017-07-05,"transect"
"5919","-77.04695","38.92954",2014-03-27,"transect"
"11037","-77.03495","38.90638",2013-10-14,"transect"
"717","-77.00689","38.95196",2017-04-16,"transect"
"4614","-77.00736","38.93487",2019-07-07,"transect"
"1803","-77.01562","38.94833",2015-12-20,"transect"
"5086","-77.02606","38.93281",2010-11-20,"transect"
"7319","-77.03261","38.9236",2015-07-28,"transect"
"10344","-77.03697","38.90965",2013-04-02,"transect "
"3006","-77.01812","38.94202",2015-10-08,"transect"
"1309","-77.00705","38.95014",2014-11-27,"transect"
"6621","-77.04134","38.92663",2019-06-25,"transect "
"9760","-77.03869","38.9128",2016-12-01,"transect"
"8939","-77.04118","38.91584",2011-01-09,"transect"
"8961","-77.0231","38.91584",2015-07-13,"transect"
"9122","-77.05489","38.91523",2013-06-22,"transect"
"4832","-77.02497","38.93366",2018-05-12,"transect"
"2814","-77.01204","38.94299",2018-04-07,"transect"
"2426","-77.00892","38.94542",2014-02-28,"transect"
"461","-77.00627","38.95293",2015-04-19,"transect"
"9230","-77.05552","38.91487",2016-10-05,"transect"
"247","-77.01593","38.95511",2019-03-09,"transect"
"2548","-77.01749","38.94457",2014-07-12,"transect "
"9834","-77.02809","38.91244",2010-05-23,"transect"
"9260","-77.05895","38.91474",2014-11-02,"transect4"
"8132","-77.0337","38.91972",2015-02-11,"transect"
"123","-77.02232","38.95681",2018-10-13,"transect"
"3137","-77.01266","38.94154",2015-10-14,"Transect1"
"9087","-77.04866","38.91535",2017-07-07,"transect"
"4928","-77.01064","38.93342",2017-12-06,"transect"
"2868","-77.01032","38.94275",2013-09-17,"transect"
"8333","-77.0351","38.91863",2018-12-14,"Transect"
"10186","-77.06082","38.91062",2012-03-27,"transect"
"11180","-77.02404","38.90577",2019-09-05,"transect"
"3886","-77.02061","38.9379",2013-05-23,"transect"
"2073","-77.01625","38.94711",2014-01-17,"transect"
"4733","-77.01749","38.93414",2013-01-13,"transect"
"11234","-77.03308","38.90541",2014-02-23,"transect"
"1646","-77.02045","38.94881",2015-07-01,"transect"
"6855","-77.04601","38.92554",2016-03-27,"transect"
"7914","-77.02669","38.92069",2010-08-25,"transect"
"3922","-77.01952","38.93778",2020-02-23,"transect"
"10072","-77.03635","38.91123",2011-09-12,"transect"
"9833","-77.02825","38.91244",2012-03-14,"transect"
"3911","-77.03245","38.93778",2018-06-01,"transect"
"4570","-77.00736","38.93511",2011-05-28,"transect"
"5830","-77.02591","38.93002",2015-03-19,"transect"
"8972","-77.05443","38.91572",2011-03-16,"transect"
"1387","-77.02482","38.94978",2010-12-01,"transect"
"10844","-77.01438","38.90698",2019-07-13,"transect"
"3892","-77.01827","38.9379",2019-06-06,"transect_2"
"1774","-77.01422","38.94845",2012-12-26,"transect"
"1221","-77.00627","38.95039",2018-09-08,"transect"
"7797","-77.051","38.92129",2016-09-22,"transect"
"11648","-77.02482","38.90395",2018-12-16,"transect"
"9717","-77.03884","38.91305",2011-02-28,"transect"
"10792","-77.06674","38.90711",2014-08-21,"transect "
"6299","-77.03401","38.92796",2018-02-22,"transect"
"6217","-77.01328","38.92832",2015-05-12,"transect"
"7666","-77.01266","38.92202",2013-12-13,"transect"
"3784","-77.00799","38.93827",2010-02-12,"transect"
"10774","-77.03386","38.90723",2018-08-10,"transect"
"6519","-77.04336","38.92711",2020-03-14,"transect"
"7390","-77.01734","38.92335",2017-01-05,"transect"
"673","-77.01702","38.95208",2010-06-26,"transect"
"11337","-77.02419","38.90516",2010-05-17,"transect"
"6896","-77.01251","38.92541",2015-10-07,"transect"
"7009","-77.0164","38.92493",2014-11-07,"transect"
"10267","-77.063","38.91014",2014-01-29,"Transect1"
"3625","-77.0178","38.93887",2017-05-30,"transect"
"6470","-77.027","38.92735",2017-01-13,"transect"
"1254","-77.01547","38.95026",2010-01-25,"transect"
"8688","-77.05209","38.91693",2015-01-07,"transect"
"7164","-77.05271","38.9242",2010-04-24,"transect"
"1269","-77.00674","38.95026",2010-08-13,"transect"
"9778","-77.05863","38.91268",2016-04-20,"transect"
"11198","-77.03464","38.90565",2010-08-30,"transect"
"9324","-77.03386","38.91462",2013-12-01,"transect"
"1778","-77.0136","38.94845",2018-10-06,"transect"
"3164","-77.01843","38.94142",2011-07-14,"Transect"
"1860","-77.01718","38.94808",2014-12-15,"transect"
"11733","-77.03417","38.90347",2011-08-06,"thirdtransect"
"8364","-77.02762","38.9185",2015-06-30,"transect"
"11752","-77.03838","38.90335",2016-07-22,"second_transect"
"1224","-77.02965","38.95026",2017-04-02,"transect"
"10799","-77.02404","38.90711",2019-12-14,"transect"
"932","-77.00783","38.95123",2017-05-04,"transect"
"8612","-77.05302","38.91729",2018-03-02,"transect"
"82","-77.02186","38.95705",2016-03-02,"transect"
"4240","-77.01905","38.93645",2018-11-22,"transect"
"11602","-77.02778","38.90407",2019-03-12,"transect"
"9624","-77.05147","38.91353",2018-12-12,"transect"
"10034","-77.06331","38.91135",2019-09-17,"transect"
"3444","-77.03557","38.93996",2017-12-16,"transect"
"4804","-77.02451","38.93378",2015-11-01,"transect"
"11425","-77.02217","38.9048",2020-04-11,"transect"
"11636","-77.03557","38.90395",2010-11-28,"transect"
"2732","-77.0298","38.94348",2018-03-22,"transect"
"8887","-77.04196","38.91596",2017-08-22,"transect"
"10832","-77.02373","38.90698",2014-12-26,"transect"
"11791","-77.03464","38.90322",2016-09-08,"transect"
"7476","-77.04321","38.92287",2018-04-12,"transect"
"2170","-77.03074","38.94663",2014-04-28,"transect"
"10279","-77.02591","38.91014",2015-12-23,"transect"
"2973","-77.02965","38.94214",2011-08-21,"transect"
"3704","-77.01266","38.93851",2018-09-21,"transect "
"4115","-77.0418","38.93681",2010-06-17,"transect"
"2184","-77.01531","38.94663",2010-11-08,"transect"
"11764","-77.03214","38.90335",2020-03-08,"transect"
"9596","-77.05754","38.91365",2018-09-23,"transect"
"1305","-77.01079","38.95014",2015-10-31,"transect"
"9828","-77.03697","38.91244",2018-07-29,"transect"
"1548","-77.02092","38.94917",2019-02-01,"transect"
"6912","-77.03791","38.92529",2011-01-10,"transect"
"9158","-77.05536","38.91511",2015-05-31,"transect"
"5950","-77.03744","38.92942",2019-03-18,"transect"
"1665","-77.02622","38.94869",2016-05-09,"transect"
"11481","-77.02497","38.90456",2014-08-11,"transect"
"7987","-77.05115","38.92032",2016-03-17,"transect"
"3118","-77.03339","38.94154",2019-05-13,"transect"
"5384","-77.02139","38.93196",2013-05-25,"Transect1"
"934","-77.00752","38.95123",2011-01-30,"transect"
"3199","-77.01515","38.9413",2015-03-24,"transect"
"8588","-77.04461","38.91741",2015-08-23,"transect"
"3126","-77.02217","38.94154",2012-11-27,"transect"
"521","-77.00378","38.95281",2018-03-21,"transect"
"5704","-77.04258","38.93063",2012-01-18,"transect"
"4292","-77.02825","38.9362",2012-12-13,"transect"
"3146","-77.03651","38.94142",2015-10-09,"transect"
"676","-77.01656","38.95208",2012-05-29,"transect"
"10634","-77.02497","38.90783",2018-05-14,"transect"
"1368","-77.01484","38.9499",2020-03-26,"transect"
"3752","-77.03728","38.93827",2017-10-08,"transect "
"3845","-77.0203","38.93802",2010-07-02,"transect"
"6589","-77.02264","38.92687",2013-04-20,"transect"
"538","-77.01593","38.95269",2018-02-14,"transect"
"1038","-77.01765","38.95087",2018-07-14,"transect"
"7046","-77.05225","38.92469",2019-07-26,"transect"
"7034","-77.02669","38.92481",2016-10-24,"transect"
"11693","-77.03713","38.90371",2015-10-20,"transect"
"373","-77.00315","38.95317",2013-02-13,"Transect1"
"3941","-77.03245","38.93766",2016-02-07,"transect"
"10061","-77.06144","38.91123",2015-04-14,"transect"
"5836","-77.02061","38.93002",2010-01-30,"transect"
"8278","-77.04882","38.91887",2010-06-22,"transect"
"3934","-77.00736","38.93778",2016-12-09,"transect"
"11580","-77.00284","38.90419",2018-09-06,"transect"
"1785","-77.00767","38.94845",2018-09-03,"transect"
"3970","-77.03339","38.93754",2011-06-29,"transect"
"5855","-77.02778","38.9299",2014-09-06,"transect3"
"3661","-77.03822","38.93863",2019-10-20,"transect"
"9937","-77.05957","38.91183",2020-01-20,"transect"
"728","-77.00128","38.95196",2018-11-26,"transect"
"349","-77.0164","38.95329",2011-05-27,"transect"
"1722","-77.01921","38.94857",2016-02-11,"transect"
"1012","-77.01671","38.95099",2015-04-12,"transect"
"9725","-77.06113","38.91293",2014-05-30,"TRANSECT"
"3690","-77.03822","38.93851",2017-11-11,"transect"
"10746","-77.02419","38.90735",2016-10-30,"transect"
"1404","-77.01578","38.94978",2013-03-07,"transect"
"578","-77.00705","38.95245",2015-03-30,"transect"
"7908","-77.03993","38.92069",2014-12-06,"transect"
"8361","-77.03541","38.9185",2013-05-10,"transect"
"8289","-77.0164","38.91887",2019-07-17,"transect3"
"10209","-77.06128","38.9105",2013-04-19,"transect"
"10946","-77.01905","38.90662",2017-02-20,"transect"
"10838","-77.0178","38.90698",2013-10-08,"transect"
"9954","-77.06206","38.91171",2018-08-11,"transect"
"9619","-77.05754","38.91353",2013-03-08,"transect"
"7671","-77.05162","38.9219",2010-01-04,"transect"
"11093","-77.06923","38.90614",2016-04-09,"transect"
"9292","-77.027","38.91474",2014-02-18,"transect"
"10418","-77.03666","38.90917",2010-07-26,"transect"
"2381","-77.02373","38.94566",2014-12-17,"transect"
"3280","-77.00845","38.94093",2016-02-09,"transect"
"8492","-77.01812","38.9179",2014-04-06,"transect"
"2107","-77.01874","38.94699",2016-09-23,"transect"
"10841","-77.01734","38.90698",2019-09-13,"transect"
"8258","-77.04788","38.91899",2015-05-22,"transect"
"162","-77.02341","38.95632",2013-09-18,"transect"
"7271","-77.04741","38.92372",2010-06-21,"second_transect"
"10699","-77.06799","38.90747",2011-05-20,"transect"
"1346","-77.00721","38.95002",2013-01-01,"transect"
"9638","-77.05926","38.91341",2012-05-18,"transect"
"8775","-77.05302","38.91644",2013-06-11,"transect"
"7455","-77.04118","38.92299",2011-02-07,"transect"
"376","-77.00269","38.95317",2017-01-24,"transect4"
"4241","-77.01734","38.93645",2015-05-24,"transect"
"2319","-77.01687","38.94602",2011-11-21,"transect"
"2295","-77.01095","38.94614",2016-01-09,"transect"
"398","-77.00534","38.95305",2016-10-19,"transect"
"9249","-77.03495","38.91487",2016-10-07,"Transect1"
"3759","-77.02466","38.93827",2017-12-24,"transect"
"9759","-77.03884","38.9128",2012-11-15,"transect"
"916","-77.01687","38.95123",2015-06-21,"thirdtransect"
"11103","-77.02419","38.90614",2014-07-04,"transect3"
"8644","-77.05131","38.91717",2010-03-30,"transect"
"769","-77.02684","38.95172",2016-06-25,"transect"
"4424","-77.02965","38.93572",2015-06-09,"transect"
"5562","-77.02918","38.93123",2020-02-14,"transect"
"5187","-77.02045","38.93257",2015-05-07,"transect"
"1764","-77.01734","38.94845",2012-10-07,"transect"
"6061","-77.01032","38.92893",2012-07-26,"transect"
"8480","-77.05053","38.9179",2016-06-13,"transect"
"10975","-77.0697","38.9065",2017-06-23,"transect"
"8652","-77.02279","38.91717",2014-12-02,"Transect"
"359","-77.01656","38.95317",2017-10-21,"transect"
"2714","-77.01734","38.9436",2010-12-21,"transect"
"10019","-77.05817","38.91147",2014-05-07,"transect"
"6736","-77.02653","38.92614",2013-10-21,"transect"
"6314","-77.01095","38.92796",2015-05-16,"transect"
"5433","-77.02139","38.93172",2018-07-30,"transect"
"5370","-77.03931","38.93196",2018-01-28,"transect"
"8899","-77.02373","38.91596",2019-04-11,"transect"
"6885","-77.04056","38.92541",2010-12-19,"transect"
"4661","-77.03354","38.93451",2011-04-26,"transect"
"7566","-77.02139","38.92251",2013-04-03,"transect"
"4496","-77.02232","38.93548",2020-02-22,"transect"
"2924","-77.03541","38.94239",2019-06-22,"transect"
"2982","-77.01702","38.94214",2013-12-14,"transect"
"5621","-77.04212","38.93099",2019-03-31,"Transect"
"7607","-77.04243","38.92226",2015-10-17,"transect"
"7730","-77.05053","38.92166",2012-10-29,"transect"
"1026","-77.00814","38.95099",2014-02-21,"transect"
"10227","-77.06253","38.91038",2017-09-02,"transect"
"9507","-77.02934","38.91414",2019-01-18,"transect"
"1444","-77.00861","38.94966",2017-05-23,"transect"
"2821","-77.01017","38.94299",2010-07-12,"transect"
"3204","-77.01064","38.9413",2015-11-25,"transect"
"9925","-77.02949","38.91196",2019-05-30,"transect"
"1473","-77.00845","38.94954",2019-11-01,"transect"
"10694","-77.01469","38.90759",2018-04-29,"transect3"
"11505","-77.03058","38.90444",2011-02-14,"transect"
"11429","-77.0323","38.90468",2012-11-10,"transect"
"8823","-77.04149","38.9162",2017-07-17,"transect"
"6889","-77.03806","38.92541",2018-08-12,"Transect5"
"5394","-77.04367","38.93184",2018-04-18,"transect"
"687","-77.0044","38.95208",2019-11-23,"transect"
"1317","-77.01796","38.95002",2016-03-25,"transect"
"4665","-77.02404","38.93451",2012-01-02,"transect"
"2008","-77.01765","38.94748",2016-05-15,"transect"
"2143","-77.01235","38.94687",2012-01-30,"transect"
"7462","-77.02669","38.92299",2015-11-09,"transect"
"1482","-77.02825","38.94942",2018-08-21,"transect"
"2133","-77.01796","38.94687",2013-03-03,"transect"
"1319","-77.01702","38.95002",2019-02-19,"transect"
"4408","-77.01967","38.93584",2011-03-23,"transect"
"8778","-77.03105","38.91644",2015-06-26,"transect"
"9056","-77.04804","38.91547",2013-01-07,"transect1"
"2056","-77.0136","38.94723",2019-03-05,"transect"
"10100","-77.02715","38.91111",2013-10-27,"transect"
"105","-77.01999","38.95693",2013-03-15,"transect"
"7109","-77.0524","38.92445",2016-06-05,"transect"
"7306","-77.04757","38.9236",2014-01-25,"Transect5"
"5031","-77.01079","38.93305",2011-09-29,"transect"
"3054","-77.03682","38.94178",2017-11-10,"transect"
"4428","-77.02497","38.93572",2012-10-16,"transect"
"7142","-77.04492","38.92432",2010-10-18,"transect"
"4063","-77.0164","38.93705",2018-04-03,"transect"
"5436","-77.01827","38.93172",2011-07-10,"transect"
"7010","-77.01095","38.92493",2015-01-25,"transect"
"1690","-77.01874","38.94869",2014-05-31,"transect"
"355","-77.02684","38.95317",2019-10-10,"transect"
"4031","-77.02528","38.93717",2015-06-02,"transect"
"4595","-77.04087","38.93487",2012-12-05,"transect"
"5629","-77.02108","38.93099",2017-06-25,"transect"
"8482","-77.04991","38.9179",2013-05-07,"transect"
"10605","-77.06502","38.90795",2016-11-22,"transect"
"8290","-77.01625","38.91887",2017-07-27,"transect4"
"8015","-77.05131","38.9202",2018-08-15,"transect"
"8330","-77.039","38.91863",2014-06-29,"transect"
"6439","-77.02669","38.92748",2010-01-21,"transect"
"9594","-77.05801","38.91365",2015-02-07,"transect"
"2005","-77.02684","38.94748",2017-12-05,"transect"
"771","-77.02419","38.95172",2017-08-03,"transect"
"7141","-77.04663","38.92432",2012-07-02,"transect"
"11280","-77.02622","38.90529",2016-04-27,"transect"
"5742","-77.00877","38.93051",2015-01-26,"transect"
"611","-77.00284","38.95233",2011-03-11,"transect"
"3192","-77.0256","38.9413",2019-10-12,"transect"
"5337","-77.04289","38.93208",2019-10-24,"transect"
"6802","-77.04554","38.92578",2010-03-18,"transect"
"4770","-77.03339","38.9339",2014-04-19,"transect"
"3669","-77.02373","38.93863",2010-08-24,"transect"
"4297","-77.0217","38.9362",2011-12-09,"transect"
"7228","-77.03276","38.92396",2017-03-10,"transect"
"9006","-77.03822","38.91572",2019-06-01,"transects"
"7008","-77.01656","38.92493",2010-03-03,"transect"
"10234","-77.03697","38.91038",2012-05-08,"transect"
"10306","-77.06315","38.90989",2010-06-25,"Transect2"
"4826","-77.03448","38.93366",2012-08-08,"transect"
"5040","-77.03682","38.93293",2014-07-11,"transect"
"1101","-77.02435","38.95063",2014-04-23,"transect"
"4505","-77.00908","38.93548",2010-11-21,"transect"
"205","-77.02497","38.95548",2015-01-15,"transect"
"3457","-77.03869","38.93984",2011-04-22,"transect"
"7206","-77.02669","38.92408",2019-09-11,"transect"
"11575","-77.0231","38.90419",2013-05-16,"transect"
"9497","-77.03089","38.91414",2014-01-27,"transect"
"2770","-77.03541","38.94324",2016-11-25,"transect"
"582","-77.00144","38.95245",2015-10-22,"transect"
"2337","-77.01874","38.9459",2019-10-17,"transect"
"10369","-77.02669","38.90953",2012-09-20,"transect"
"7957","-77.04554","38.92044",2011-06-08,"transect"
"4222","-77.03432","38.93645",2018-10-03,"transect"
"424","-77.00128","38.95305",2019-03-10,"transect"
"7025","-77.0404","38.92481",2012-11-21,"transect"
"10499","-77.0256","38.90868",2014-06-30,"transect"
"7044","-77.01001","38.92481",2017-11-06,"Transect4"
"8846","-77.05427","38.91608",2013-09-30,"transect"
"2424","-77.00923","38.94542",2012-01-22,"transect"
"9892","-77.05583","38.91208",2013-03-31,"transect"
"5130","-77.02669","38.93269",2012-10-15,"transect"
"5843","-77.04804","38.9299",2014-07-06,"transect"
"2761","-77.01251","38.94336",2011-07-05,"transect"
"2914","-77.01593","38.94251",2015-09-28,"transect"
"8781","-77.03012","38.91644",2012-06-04,"transect"
"393","-77.00923","38.95305",2019-02-22,"transect"
"4279","-77.04243","38.9362",2019-04-15,"transect"
"8342","-77.01625","38.91863",2012-11-09,"transect"
"8044","-77.05427","38.92008",2010-06-03,"transect"
"6391","-77.03635","38.9276",2012-02-20,"transect"
"3338","-77.03432","38.94057",2011-02-18,"transect"
"6134","-77.03261","38.92857",2016-10-14,"transect"
"6449","-77.04788","38.92735",2016-06-14,"transect"
"5096","-77.01328","38.93281",2010-02-13,"transect"
"11409","-77.02622","38.9048",2018-02-12,"transect"
"2842","-77.01656","38.94287",2010-12-15,"transect"
"6394","-77.03526","38.9276",2012-08-11,"transect"
"4097","-77.01874","38.93693",2016-09-16,"transect"
"7624","-77.0457","38.92214",2018-05-08,"transect"
"9144","-77.02575","38.91523",2016-08-23,"transect"
"8903","-77.0231","38.91596",2011-10-08,"transect"
"10245","-77.06409","38.91026",2011-11-29,"transect"
"5975","-77.0443","38.92929",2018-04-11,"transect"
"4819","-77.04414","38.93366",2018-06-24,"transect"
"6905","-77.04523","38.92529",2013-04-22,"transect1"
"2186","-77.01438","38.94663",2012-08-28,"transect"
"10328","-77.03682","38.90977",2019-11-20,"transect"
"7536","-77.04352","38.92263",2012-06-27,"transect"
"5545","-77.0178","38.93136",2015-10-05,"transect"
"10919","-77.01328","38.90674",2011-01-12,"transect"
"6387","-77.0376","38.9276",2011-09-23,"transect"
"8410","-77.03401","38.91826",2012-08-10,"transect"
"1871","-77.01453","38.94808",2014-03-16,"transect"
"10691","-77.01515","38.90759",2015-12-02,"transect"
"5014","-77.03261","38.93305",2018-10-05,"Transect2"
"9590","-77.06035","38.91365",2018-09-07,"transect"
"8635","-77.01921","38.91729",2011-07-15,"transect"
"2282","-77.01718","38.94614",2014-02-15,"transects"
"5661","-77.01656","38.93087",2016-10-13,"transect"
"41","-77.01702","38.95742",2014-07-29,"transects"
"490","-77.01734","38.95281",2011-11-30,"transect"
"1587","-77.01625","38.94905",2011-06-12,"transect"
"10143","-77.03588","38.91086",2013-04-27,"transect"
"7698","-77.01266","38.9219",2015-01-31,"transect"
"3162","-77.01889","38.94142",2013-08-01,"transect"
"2257","-77.02451","38.94627",2015-12-27,"transect"
"2105","-77.01905","38.94699",2010-07-16,"transect"
"3770","-77.01858","38.93827",2014-03-14,"transect"
"8331","-77.03744","38.91863",2013-02-02,"transect"
"7210","-77.01126","38.92408",2010-11-20,"transect"
"4012","-77.02513","38.9373",2014-08-17,"transect"
"4028","-77.02856","38.93717",2019-07-11,"transect"
"10307","-77.06206","38.90989",2013-02-10,"transect"
"1310","-77.00689","38.95014",2013-10-03,"transect"
"11367","-77.02513","38.90504",2018-05-27,"transect"
"11502","-77.03105","38.90444",2011-07-09,"transect"
"764","-77.00144","38.95184",2017-07-04,"transect"
"4621","-77.03323","38.93475",2016-09-17,"transect"
"452","-77.00767","38.95293",2013-11-07,"transect"
"287","-77.02591","38.95439",2012-02-21,"transect"
"4149","-77.04212","38.93669",2012-05-15,"transect"
"149","-77.02326","38.95657",2017-04-22,"transect"
"8077","-77.05287","38.91996",2019-01-23,"transect"
"5128","-77.027","38.93269",2014-10-06,"transect"
"4410","-77.01656","38.93584",2012-09-23,"transect"
"644","-77.00596","38.9522",2010-12-11,"transect"
"6987","-77.04586","38.92493",2016-07-24,"transect"
"1531","-77.02996","38.94917",2018-07-24,"transect"
"8448","-77.0178","38.91814",2018-05-16,"transect"
"8204","-77.01562","38.91935",2015-11-18,"transect3"
"484","-77.00051","38.95293",2015-06-29,"transect"
"3434","-77.01391","38.94008",2013-09-02,"transect"
"7218","-77.04539","38.92396",2013-05-23,"transect"
"10128","-77.06347","38.91086",2010-04-12,"transect"
"271","-77.02575","38.95463",2013-12-12,"transect"
"1457","-77.01765","38.94954",2019-11-03,"transect"
"231","-77.01671","38.95523",2015-07-01,"transect"
"2166","-77.00861","38.94675",2010-10-22,"transect"
"2351","-77.01032","38.9459",2013-06-20,"transect"
"479","-77.00128","38.95293",2012-03-09,"transect"
"8444","-77.02887","38.91814",2014-05-13,"transect"
"7704","-77.05022","38.92178",2016-11-13,"transect"
"7180","-77.03058","38.9242",2014-01-02,"transect"
"719","-77.00658","38.95196",2019-07-13,"transect"
"8188","-77.05458","38.91935",2013-11-13,"transect"
"8585","-77.04508","38.91741",2018-03-20,"transect"
"9630","-77.03105","38.91353",2015-10-26,"transect"
"9168","-77.04009","38.91511",2016-02-05,"Transect2"
"3983","-77.01874","38.93754",2013-03-01,"Transect1"
"2435","-77.01235","38.9453",2014-06-07,"transect"
"9239","-77.03993","38.91487",2010-04-05,"transect"
"54","-77.01936","38.95729",2018-09-20,"transect"
"7691","-77.02139","38.9219",2016-11-14,"transect"
"6795","-77.01188","38.9259",2014-11-08,"transect"
"6619","-77.04414","38.92663",2016-06-18,"transect"
"1410","-77.01328","38.94978",2017-02-22,"transect"
"3072","-77.01578","38.94178",2018-06-20,"transect"
"1062","-77.00425","38.95087",2012-02-17,"transect"
"2573","-77.02326","38.94445",2014-09-16,"transect"
"6488","-77.03947","38.92723",2019-07-16,"transect"
"579","-77.00689","38.95245",2011-05-14,"transect"
"1880","-77.01266","38.94808",2013-11-09,"transect"
"7973","-77.02793","38.92044",2012-05-07,"transect"
"55","-77.01921","38.95729",2016-06-12,"transect"
"6658","-77.03651","38.92651",2018-01-26,"transect"
"6732","-77.03697","38.92614",2016-01-17,"transect"
"5696","-77.00877","38.93075",2018-02-06,"transect"
"10897","-77.02045","38.90674",2014-03-10,"transect1"
"3070","-77.01905","38.94178",2014-12-15,"transect"
"6613","-77.00892","38.92675",2011-01-03,"transect"
"10736","-77.06674","38.90735",2020-02-28,"Transect2"
"8153","-77.05225","38.9196",2017-07-31,"transect"
"9443","-77.03183","38.91426",2017-04-14,"transect"
"5856","-77.02762","38.9299",2012-10-21,"transect"
"2330","-77.00877","38.94602",2015-02-05,"transect"
"5269","-77.0284","38.93233",2017-04-02,"transect"
"7182","-77.02622","38.9242",2017-01-19,"transect"
"1003","-77.02217","38.95099",2010-07-24,"transect"
"62","-77.01656","38.95729",2012-11-11,"transect"
"2451","-77.01032","38.94517",2019-05-07,"transect"
"9801","-77.05879","38.91256",2017-03-02,"Transect4"
"4398","-77.02606","38.93584",2014-11-21,"transect4"
"9898","-77.03666","38.91208",2019-06-08,"transect"
"4512","-77.04305","38.93536",2019-09-21,"Transect2"
"165","-77.01391","38.95632",2011-12-11,"transect"
"6267","-77.03339","38.92808",2015-02-10,"transect"
"11217","-77.03448","38.90553",2018-04-15,"transect"
"6079","-77.01749","38.92881",2012-06-30,"transect"
"822","-77.00596","38.9516",2011-05-29,"transect"
"9972","-77.02918","38.91171",2010-08-29,"transect"
"2363","-77.01749","38.94578",2014-12-24,"transect"
"11454","-77.03401","38.90456",2014-03-04,"transect"
"9979","-77.06238","38.91159",2015-12-14,"transect"
"8687","-77.05225","38.91693",2017-10-16,"transect"
"9593","-77.0591","38.91365",2015-03-17,"transect"
"6957","-77.04274","38.92505",2016-11-29,"transect"
"11620","-77.03869","38.90395",2015-03-27,"transect"
"1732","-77.01625","38.94857",2020-01-22,"transect"
"4710","-77.01484","38.93426",2012-02-08,"transect"
"6696","-77.04975","38.92626",2019-04-26,"transect"
"564","-77.00004","38.95257",2010-06-06,"transect"
"11104","-77.02404","38.90614",2018-09-23,"transect"
"2129","-77.01999","38.94687",2017-10-28,"transect"
"9681","-77.06082","38.91317",2019-10-29,"transect"
"1546","-77.02123","38.94917",2020-01-02,"transect"
"2796","-77.01126","38.94311",2011-05-10,"transect"
"11328","-77.0256","38.90516",2019-03-03,"transect"
"5682","-77.0217","38.93075",2018-07-29,"transect"
"7211","-77.01079","38.92408",2019-02-01,"transect "
"2211","-77.01796","38.94651",2012-10-23,"transect3"
"1953","-77.02528","38.94772",2011-01-11,"transect"
"7912","-77.02715","38.92069",2014-05-11,"transect"
"4590","-77.00752","38.93499",2016-07-21,"transect"
"3575","-77.02076","38.93911",2014-08-11,"thirdtransect"
"11597","-77.02856","38.90407",2015-08-03,"transect"
"261","-77.0256","38.95487",2019-05-13,"transect"
"3876","-77.03604","38.9379",2011-11-28,"transect"
"10459","-77.02606","38.90892",2015-10-29,"transect"
"5280","-77.01749","38.93233",2012-02-06,"transect"
"1182","-77.02934","38.95039",2011-10-12,"Transect3"
"9906","-77.06175","38.91196",2014-01-31,"transect"
"5893","-77.04819","38.92966",2011-06-26,"transect"
"2482","-77.02123","38.94481",2019-02-11,"transect"
"6386","-77.03884","38.9276",2011-02-06,"transect"
"9338","-77.05708","38.9145",2013-03-30,"transect"
"8919","-77.04508","38.91584",2019-08-06,"transect"
"2483","-77.02108","38.94481",2011-08-11,"transect"
"3477","-77.03541","38.93972",2019-11-14,"transect1"
"8990","-77.04071","38.91572",2018-05-14,"transect"
"3067","-77.02123","38.94178",2014-07-13,"transect"
"2020","-77.03089","38.94736",2019-01-05,"transect"
"6807","-77.03993","38.92578",2019-07-01,"transect"
"8902","-77.02326","38.91596",2018-02-14,"transect"
"2443","-77.03261","38.94517",2019-07-26,"transect"
"3443","-77.03822","38.93996",2018-04-23,"transect"
"2752","-77.03448","38.94336",2011-08-03,"transect"
"8838","-77.02264","38.9162",2017-01-11,"transect"
"2487","-77.0164","38.94481",2012-09-13,"transect"
"10196","-77.02638","38.91062",2019-08-25,"transect"
"7456","-77.03495","38.92299",2015-08-13,"transect"
"8650","-77.02996","38.91717",2019-02-28,"transect"
"5106","-77.04492","38.93269",2010-06-20,"transect"
"2076","-77.0136","38.94711",2013-10-29,"transect"
"308","-77.02201","38.95414",2017-07-13,"transect"
"7893","-77.05396","38.92069",2019-08-29,"transect"
"6897","-77.01064","38.92541",2013-03-16,"transect"
"1294","-77.01547","38.95014",2012-10-20,"transect"
"2554","-77.01656","38.94457",2014-04-18,"transect"
"6151","-77.01064","38.92857",2018-01-31,"transect"
"1041","-77.01702","38.95087",2018-01-08,"transect"
"8744","-77.02154","38.91669",2011-03-29,"transect"
"5610","-77.0164","38.93111",2018-12-30,"transect"
"1332","-77.01469","38.95002",2011-12-27,"transect"
"11671","-77.03635","38.90383",2012-09-11,"transect"
"1937","-77.01531","38.94784",2019-02-07,"transect"
"138","-77.02326","38.95669",2015-09-26,"transect"
"7807","-77.0323","38.92129",2010-10-17,"transect"
"4212","-77.00736","38.93657",2014-05-02,"transect"
"286","-77.01095","38.95451",2011-04-01,"transect"
"8533","-77.03557","38.91766",2010-08-20,"Transect5"
"8548","-77.05334","38.91753",2017-03-05,"transect"
"7309","-77.04476","38.9236",2013-07-04,"transect"
"1789","-77.02747","38.94833",2014-05-30,"first_transect"
"7035","-77.02186","38.92481",2017-08-18,"Transect4"
"4004","-77.04149","38.9373",2016-10-30,"transect"
"4237","-77.0217","38.93645",2015-03-30,"TRANSECT"
"1089","-77.00877","38.95075",2013-08-20,"transect"
"8935","-77.04243","38.91584",2011-08-07,"transect"
"8255","-77.04866","38.91899",2012-09-08,"transect"
"6393","-77.03541","38.9276",2020-04-05,"Transect3"
"1838","-77.01313","38.9482",2011-03-19,"transect"
"7854","-77.05147","38.92093",2013-07-29,"transect"
"1021","-77.00923","38.95099",2018-08-11,"transect"
"10150","-77.06456","38.91074",2015-02-02,"transect"
"7036","-77.0217","38.92481",2018-12-22,"transect"
"6842","-77.03401","38.92566",2012-01-03,"transect"
"1480","-77.02856","38.94942",2018-01-23,"transect"
"11470","-77.0298","38.90456",2018-05-07,"transect"
"2286","-77.01531","38.94614",2012-04-20,"Transect4"
"4393","-77.03386","38.93584",2010-08-01,"transect"
"9218","-77.05895","38.91487",2010-03-09,"transect"
"9477","-77.05832","38.91414",2010-12-20,"transect1"
"8327","-77.04866","38.91863",2016-01-31,"transect"
"3693","-77.03199","38.93851",2012-04-15,"transect"
"10319","-77.06565","38.90977",2018-11-12,"Transect5"
"9181","-77.0256","38.91511",2018-07-23,"transect"
"5656","-77.02139","38.93087",2019-07-20,"transect"
"6973","-77.03105","38.92505",2011-02-08,"transect"
"4538","-77.04056","38.93523",2018-04-01,"transect"
"8287","-77.01671","38.91887",2018-06-02,"transect"
"2999","-77.0284","38.94202",2018-10-24,"transect"
"4099","-77.01843","38.93693",2011-01-02,"transect"
"4278","-77.00736","38.93633",2013-08-27,"transect"
"4331","-77.02217","38.93608",2016-09-18,"transect"
"44","-77.02092","38.95729",2010-02-23,"Transect5"
"7983","-77.0538","38.92032",2012-11-05,"transect"
"11073","-77.01702","38.90626",2013-06-30,"transect"
"11801","-77.03152","38.90322",2012-06-09,"transect"
"6505","-77.02123","38.92723",2014-09-29,"transect"
"3665","-77.03183","38.93863",2011-10-26,"transect"
"8400","-77.04975","38.91826",2010-02-16,"transect"
"1115","-77.01547","38.95063",2019-12-06,"transect"
"1709","-77.00783","38.94869",2012-05-25,"transect"
"9551","-77.05069","38.9139",2010-12-10,"transect"
"6766","-77.0217","38.92602",2016-01-20,"transect"
"2460","-77.02139","38.94505",2018-10-14,"transect"
"11045","-77.01547","38.90638",2017-03-21,"transect"
"810","-77.01406","38.9516",2018-02-26,"transect"
"11679","-77.02544","38.90383",2015-12-09,"transects"
"11457","-77.03183","38.90456",2012-03-30,"transect"
"3637","-77.00752","38.93887",2017-07-15,"transect"
"8829","-77.03105","38.9162",2015-05-10,"transect"
"10958","-77.015","38.90662",2015-12-21,"transect"
"1400","-77.0164","38.94978",2016-06-26,"Transect3"
"4793","-77.03947","38.93378",2015-05-16,"transect"
"11098","-77.06799","38.90614",2011-07-20,"transect"
"4668","-77.02341","38.93451",2020-03-03,"transect"
"2195","-77.00861","38.94663",2017-03-01,"transect"
"7842","-77.04461","38.92105",2014-08-03,"transect"
"7391","-77.01157","38.92335",2014-08-16,"transect"
"6288","-77.0496","38.92796",2011-01-24,"transect"
"4082","-77.02638","38.93693",2014-08-13,"transect"
"993","-77.00393","38.95111",2013-08-22,"transect"
"9346","-77.04835","38.9145",2013-09-21,"transect"
"5650","-77.03651","38.93087",2012-01-07,"transect"
"9874","-77.03697","38.9122",2014-03-26,"transect"
"2389","-77.01219","38.94566",2019-11-27,"transect"
"10610","-77.03448","38.90795",2011-02-14,"transect"
"10716","-77.02201","38.90747",2013-02-22,"transect"
"11709","-77.00191","38.90371",2014-03-25,"Transect5"
"11092","-77.06939","38.90614",2015-12-04,"transect"
"1014","-77.01578","38.95099",2010-02-10,"transect"
"2081","-77.00861","38.94711",2018-03-16,"transect"
"1566","-77.00783","38.94917",2020-01-08,"transect"
"3551","-77.02061","38.93924",2013-02-17,"transect"
"7792","-77.01328","38.92141",2011-11-19,"transect"
"11600","-77.02809","38.90407",2012-05-28,"transect"
"7173","-77.03962","38.9242",2017-04-15,"transect"
"2397","-77.03199","38.94554",2014-12-21,"transect"
"621","-77.00128","38.95233",2010-04-09,"transect"
"6551","-77.04243","38.92699",2015-07-07,"transect"
"6606","-77.03619","38.92675",2015-11-27,"transect"
"7310","-77.04336","38.9236",2013-04-16,"transect"
"11048","-77.01422","38.90638",2018-11-05,"transect"
"8541","-77.01889","38.91766",2018-04-03,"transect"
"9737","-77.039","38.91293",2011-07-10,"transect"
"9047","-77.05552","38.91547",2017-04-07,"transect"
"3034","-77.02108","38.9419",2014-02-13,"transect"
"2937","-77.01593","38.94239",2014-05-23,"transect"
"5077","-77.03651","38.93281",2010-10-01,"transect"
"11345","-77.02108","38.90516",2012-06-14,"TRANSECT"
"913","-77.01843","38.95123",2018-05-23,"transect"
"1312","-77.02949","38.95002",2016-11-30,"transect"
"415","-77.00269","38.95305",2013-05-07,"transect"
"11173","-77.06861","38.90577",2016-05-04,"transect"
"384","-77.00144","38.95317",2019-10-06,"transect"
"4678","-77.039","38.93439",2014-06-29,"transect3"
"11670","-77.03651","38.90383",2017-12-01,"transect"
"6681","-77.03666","38.92638",2016-08-05,"transect"
"5869","-77.04835","38.92978",2014-10-28,"second_transect"
"4927","-77.01188","38.93342",2015-09-30,"transect"
"8097","-77.05412","38.91984",2014-03-20,"Transect"
"2500","-77.0203","38.94469",2017-12-02,"transect"
"5211","-77.03869","38.93245",2015-11-20,"transect"
"326","-77.02622","38.95378",2010-07-22,"second_transect"
"3504","-77.03915","38.93948",2018-09-05,"transect"
"8665","-77.05209","38.91705",2010-10-05,"Transect4"
"5663","-77.01344","38.93087",2017-09-27,"transect"
"455","-77.00721","38.95293",2017-07-01,"transect"
"8789","-77.05661","38.91632",2010-09-16,"transect"
"2643","-77.01017","38.94408",2019-02-10,"transect"
"3959","-77.00736","38.93766",2016-10-26,"transect"
"11335","-77.02451","38.90516",2011-06-30,"transect"
"11689","-77.03884","38.90371",2019-08-20,"transect"
"11434","-77.0284","38.90468",2013-05-24,"transect"
"2010","-77.015","38.94748",2011-06-22,"transect"
"10211","-77.06097","38.9105",2019-01-10,"transect"
"9337","-77.05723","38.9145",2014-09-20,"transect"
"10382","-77.03682","38.90941",2018-12-08,"transect "
"2568","-77.03401","38.94445",2015-09-15,"transect"
"1841","-77.01188","38.9482",2016-08-13,"transect"
"4680","-77.03292","38.93439",2012-01-24,"transect"
"2934","-77.01967","38.94239",2012-05-01,"transect"
"8413","-77.01921","38.91826",2013-12-29,"transect"
"226","-77.02341","38.95523",2017-01-25,"transect"
"7574","-77.05396","38.92238",2018-11-11,"transect"
"4557","-77.03199","38.93511",2010-08-28,"transect"
"7802","-77.04539","38.92129",2020-02-02,"transect"
"7249","-77.03978","38.92384",2018-01-16,"first_transect"
"7942","-77.02747","38.92057",2015-10-22,"transect"
"550","-77.00004","38.95269",2012-04-21,"transect"
"7997","-77.03728","38.92032",2012-09-20,"transect"
"7203","-77.03261","38.92408",2017-10-27,"transect"
"672","-77.02232","38.95208",2019-12-30,"transect"
"10728","-77.06908","38.90735",2014-04-03,"transect"
"10514","-77.03479","38.90856",2016-12-24,"transect"
"5723","-77.00783","38.93063",2015-06-23,"transect"
"2611","-77.03261","38.9442",2015-03-21,"transect"
"11450","-77.02264","38.90468",2015-04-23,"transect"
"9601","-77.05115","38.91365",2014-02-22,"transect"
"7485","-77.0323","38.92287",2010-04-27,"transect"
"6821","-77.02201","38.92578",2010-12-08,"transect"
"7227","-77.03401","38.92396",2019-08-13,"transect"
"11742","-77.02949","38.90347",2012-01-22,"transect"
"11780","-77.00206","38.90335",2017-06-18,"transect"
"3566","-77.03822","38.93911",2018-02-28,"transect"
"4834","-77.02466","38.93366",2011-03-09,"transect"
"1524","-77.0136","38.9493",2014-11-15,"transect"
"10906","-77.01625","38.90674",2015-08-17,"transect"
"6598","-77.04305","38.92675",2016-03-18,"transect"
"10361","-77.06253","38.90953",2014-07-07,"transect"
"3382","-77.01921","38.94033",2019-07-29,"transect"
"2807","-77.03495","38.94299",2010-05-02,"Transect3"
"2904","-77.02544","38.94251",2012-06-11,"transect"
"6809","-77.03884","38.92578",2018-09-11,"transect"
"5509","-77.01344","38.93148",2016-09-21,"transect"
"3489","-77.00783","38.93972",2012-02-05,"transect"
"2284","-77.01671","38.94614",2019-03-11,"transect"
"7410","-77.03417","38.92323",2016-10-29,"transect"
"4749","-77.02747","38.93402",2018-07-01,"transect"
"9051","-77.05458","38.91547",2018-06-04,"transect"
"6113","-77.02217","38.92869",2011-11-29,"transect"
"8892","-77.04087","38.91596",2016-01-19,"transects"
"7452","-77.04305","38.92299",2018-06-19,"transect"
"282","-77.01266","38.95451",2018-02-17,"transect"
"8384","-77.03744","38.91838",2011-04-15,"transect"
"1936","-77.01547","38.94784",2011-12-30,"transect"
"656","-77.00284","38.9522",2019-06-14,"transect"
"3756","-77.03214","38.93827",2011-01-12,"transect"
"4045","-77.0337","38.93705",2018-02-23,"transect"
"2789","-77.03043","38.94311",2012-08-25,"second_transect"
"9461","-77.02902","38.91426",2018-12-24,"transect"
"4664","-77.02684","38.93451",2012-02-29,"transect"
"4265","-77.02201","38.93633",2012-01-09,"transect"
"5671","-77.04523","38.93075",2010-05-13,"transect"
"336","-77.00986","38.95354",2014-04-12,"transect"
"11329","-77.02544","38.90516",2016-07-03,"transects"
"6703","-77.04087","38.92626",2015-08-08,"transect"
"6501","-77.02186","38.92723",2018-09-07,"transect"
"6495","-77.03526","38.92723",2018-07-31,"transect"
"1984","-77.02591","38.9476",2011-11-06,"transect"
"6232","-77.03339","38.9282",2016-07-15,"transect"
"823","-77.0058","38.9516",2014-10-21,"transect"
"8426","-77.0496","38.91814",2018-02-16,"thirdtransect"
"5147","-77.01095","38.93269",2019-04-20,"transect"
"11176","-77.03339","38.90577",2012-07-06,"transect"
"9526","-77.05022","38.91402",2012-12-14,"transect"
"11601","-77.02793","38.90407",2014-07-28,"transect"
"7809","-77.02357","38.92129",2014-03-05,"transect"
"8040","-77.02264","38.9202",2013-02-10,"transect"
"6764","-77.02606","38.92602",2011-01-20,"transect"
"6282","-77.01079","38.92808",2011-03-18,"transect"
"8788","-77.05692","38.91632",2017-01-06,"transect"
"7715","-77.03245","38.92178",2016-08-15,"transect"
"1768","-77.01562","38.94845",2016-06-19,"transect"
"225","-77.02357","38.95523",2017-03-27,"transect"
"1571","-77.02341","38.94905",2018-08-08,"transect"
"10055","-77.02715","38.91135",2016-08-18,"transect"
"5061","-77.01313","38.93293",2016-01-04,"transect"
"6744","-77.05084","38.92602",2013-11-07,"transect"
"4377","-77.01204","38.93596",2017-02-11,"transect"
"4024","-77.03354","38.93717",2013-01-24,"transect"
"2200","-77.03027","38.94651",2019-04-28,"transect"
"2401","-77.01796","38.94554",2019-12-23,"transect"
"8957","-77.03697","38.91584",2018-07-09,"transect"
"10569","-77.03448","38.9082",2015-02-03,"transect"
"8475","-77.05521","38.9179",2011-03-10,"transect"
"1948","-77.02887","38.94772",2014-05-01,"transect"
"8660","-77.01967","38.91717",2014-05-10,"transect"
"443","-77.015","38.95293",2018-03-03,"Transect2"
"10856","-77.06674","38.90686",2014-11-02,"transect"
"6849","-77.01204","38.92566",2018-12-02,"transect"
"6295","-77.03464","38.92796",2010-12-22,"transect"
"5690","-77.01375","38.93075",2010-10-28,"transect"
"5443","-77.01235","38.93172",2018-08-27,"transect"
"1678","-77.02201","38.94869",2017-12-06,"transect"
"1336","-77.01188","38.95002",2014-04-30,"transect"
"9319","-77.03464","38.91462",2016-02-25,"transect"
"6651","-77.04336","38.92651",2018-05-16,"transect"
"1792","-77.02419","38.94833",2017-08-12,"transect"
"3045","-77.01219","38.9419",2015-01-20,"transect"
"7913","-77.02684","38.92069",2015-06-29,"thirdtransect"
"7867","-77.01391","38.92093",2017-09-05,"transect"
"9597","-77.05739","38.91365",2010-04-12,"transect"
"7871","-77.05302","38.92081",2018-02-02,"transect"
"11749","-77.02669","38.90347",2011-10-28,"transect"
"2411","-77.03261","38.94542",2012-05-04,"transect"
"382","-77.00175","38.95317",2015-04-06,"transect"
"2738","-77.01671","38.94348",2012-03-14,"transect"
"935","-77.00736","38.95123",2010-10-25,"transect"
"7491","-77.03136","38.92287",2019-08-22,"transect"
"9031","-77.04056","38.91559",2016-08-27,"transect"
"10825","-77.06658","38.90698",2015-12-03,"transect"
"2266","-77.01095","38.94627",2011-04-02,"transect"
"4697","-77.03386","38.93426",2019-06-06,"transect"
"1579","-77.01952","38.94905",2016-09-22,"transect"
"4158","-77.03417","38.93669",2016-02-23,"transect"
"3374","-77.00799","38.94045",2013-05-03,"transect"
"6011","-77.01593","38.92917",2019-09-16,"transect"
"9268","-77.05692","38.91474",2012-07-29,"transect"
"3435","-77.01032","38.94008",2011-02-28,"transect"
"8390","-77.01749","38.91838",2011-04-27,"transect"
"2148","-77.00845","38.94687",2011-01-21,"transect"
"3039","-77.01734","38.9419",2016-11-14,"transect"
"11406","-77.0284","38.9048",2011-04-07,"transect"
"8704","-77.0203","38.91693",2017-06-07,"transect"
"886","-77.01344","38.95136",2012-09-02,"transect"
"4486","-77.0376","38.93548",2016-01-14,"transect"
"9990","-77.05786","38.91159",2010-06-01,"transect"
"9448","-77.03105","38.91426",2013-12-16,"transect"
"11145","-77.06986","38.90589",2010-01-16,"transect"
"7296","-77.02154","38.92372",2011-08-14,"transect"
"10984","-77.06736","38.9065",2020-02-18,"transect"
"9981","-77.06144","38.91159",2014-02-14,"Transect"
"5238","-77.0164","38.93245",2012-07-19,"transect"
"8349","-77.05209","38.9185",2010-06-10,"transect"
"7721","-77.02092","38.92178",2020-03-19,"transect"
"3235","-77.03541","38.94105",2016-09-12,"TRANSECT"
"10512","-77.03635","38.90856",2016-04-20,"transect"
"3234","-77.03744","38.94105",2014-05-15,"transect"
"9242","-77.03604","38.91487",2019-08-08,"transect"
"6473","-77.01889","38.92735",2015-10-15,"transect"
"11485","-77.02435","38.90456",2011-09-26,"transect"
"2730","-77.03526","38.94348",2014-09-16,"transect"
"4473","-77.01282","38.9356",2019-01-29,"transect"
"3521","-77.039","38.93936",2018-10-06,"transect"
"10005","-77.06347","38.91147",2012-01-23,"transect"
"4630","-77.00877","38.93475",2013-11-22,"transect"
"6557","-77.03573","38.92699",2014-05-26,"transect"
"8427","-77.04944","38.91814",2010-08-15,"transect"
"3573","-77.02279","38.93911",2010-02-11,"transect"
"10201","-77.06393","38.9105",2016-10-15,"transect"
"3900","-77.0083","38.9379",2011-11-14,"transect"
"5971","-77.04866","38.92929",2011-03-31,"transect"
"8326","-77.04913","38.91863",2010-09-27,"transect"
"11013","-77.01328","38.9065",2010-07-21,"transect"
"1969","-77.01157","38.94772",2014-05-09,"transect"
"3298","-77.01079","38.94081",2017-04-14,"transect"
"1512","-77.02248","38.9493",2017-01-26,"transect"
"10254","-77.03573","38.91026",2010-08-17,"transect"
"9432","-77.05645","38.91426",2013-08-12,"transect"
"3783","-77.0083","38.93827",2019-12-01,"transect"
"3112","-77.03697","38.94154",2010-08-19,"transect"
"6638","-77.02544","38.92663",2018-11-22,"transect"
"10173","-77.06471","38.91062",2019-04-12,"transect"
"1961","-77.01625","38.94772",2013-05-01,"transect"
"1146","-77.01796","38.95051",2014-10-13,"transect"
"6207","-77.0231","38.92832",2019-09-17,"transect"
"10438","-77.0351","38.90905",2012-06-23,"Transect5"
"10570","-77.02544","38.9082",2015-11-15,"transect"
"7651","-77.04321","38.92202",2011-12-18,"transect"
"2034","-77.01188","38.94736",2010-05-08,"transect"
"4637","-77.04258","38.93463",2019-07-30,"transect1"
"11041","-77.01687","38.90638",2016-07-25,"transect_2"
"2341","-77.0178","38.9459",2016-09-08,"transect"
"10764","-77.06783","38.90723",2015-02-08,"transect"
"7965","-77.04118","38.92044",2014-04-26,"transect"
"10117","-77.03728","38.91099",2012-09-14,"transect"
"7975","-77.02653","38.92044",2015-02-22,"transect"
"11673","-77.0337","38.90383",2019-09-09,"transect"
"11003","-77.01547","38.9065",2019-08-23,"transect"
"2666","-77.03495","38.94384",2011-03-25,"Transect"
"3119","-77.03199","38.94154",2013-04-18,"transect"
"8508","-77.03619","38.91778",2018-05-21,"transect"
"10887","-77.03526","38.90674",2015-02-21,"transect"
"8484","-77.03651","38.9179",2019-11-07,"transect"
"854","-77.00767","38.95148",2014-01-11,"transect"
"11456","-77.03199","38.90456",2011-04-14,"transect"
"5740","-77.02435","38.93051",2012-03-07,"transect"
"9762","-77.03713","38.9128",2018-09-23,"transect"
"9821","-77.0591","38.91244",2015-05-31,"transect"
"980","-77.01515","38.95111",2015-05-01,"transect"
"5763","-77.00877","38.93039",2015-07-03,"transect"
"4312","-77.04165","38.93608",2019-08-19,"transect"
"2323","-77.01344","38.94602",2016-05-09,"transect"
"5857","-77.02747","38.9299",2016-05-03,"Transect2"
"10791","-77.06705","38.90711",2017-12-07,"transect"
"11718","-77.03339","38.90359",2018-03-24,"transect"
"2781","-77.0097","38.94324",2010-12-23,"transect"
"5245","-77.01048","38.93245",2015-08-23,"transect"
"9781","-77.05427","38.91268",2019-11-18,"transect"
"8556","-77.04227","38.91753",2011-10-12,"transect"
"6552","-77.04071","38.92699",2011-06-26,"transect"
"4023","-77.03682","38.93717",2010-05-11,"transect"
"6489","-77.03931","38.92723",2019-05-18,"transect4"
"7493","-77.02669","38.92287",2017-10-08,"transect"
"8565","-77.01921","38.91753",2014-09-23,"transect"
"2476","-77.00939","38.94493",2016-02-20,"transect"
"1281","-77.01812","38.95014",2011-07-30,"transect"
"6219","-77.01079","38.92832",2015-08-13,"transect"
"11500","-77.03136","38.90444",2019-03-19,"transect"
"7599","-77.04804","38.92226",2019-02-28,"transect"
"4965","-77.01064","38.9333",2019-01-21,"transect"
"391","-77.01531","38.95305",2019-03-26,"thirdtransect"
"46","-77.02061","38.95729",2019-08-29,"transect"
"2587","-77.03432","38.94433",2015-10-13,"transect"
"3431","-77.01515","38.94008",2019-06-10,"transect"
"9927","-77.02793","38.91196",2012-08-01,"transect"
"3129","-77.02139","38.94154",2013-09-13,"transect"
"4061","-77.01671","38.93705",2011-06-10,"transect"
"7205","-77.03058","38.92408",2017-05-24,"transect"
"1872","-77.01438","38.94808",2015-11-05,"transect"
"7","-77.01858","38.95766",2015-03-12,"transect"
"9632","-77.02934","38.91353",2010-09-28,"transect"
"8436","-77.04679","38.91814",2014-05-02,"transect"
"11284","-77.0256","38.90529",2017-11-24,"transect"
"697","-77.00082","38.95208",2016-04-28,"transect"
"6717","-77.00877","38.92626",2013-07-04,"transect"
"1031","-77.02918","38.95087",2015-09-22,"transect"
"8322","-77.05193","38.91863",2013-01-18,"transect"
"1488","-77.02186","38.94942",2017-08-11,"transect"
"11478","-77.02653","38.90456",2014-09-09,"transect"
"4969","-77.04445","38.93317",2011-12-23,"transect"
"1285","-77.01687","38.95014",2019-10-09,"transect"
"3100","-77.01562","38.94166",2017-05-21,"transect"
"6959","-77.04102","38.92505",2010-01-26,"transect"
"8923","-77.04445","38.91584",2018-10-31,"transect"
"4178","-77.00736","38.93669",2012-03-01,"transect"
"10579","-77.06721","38.90808",2014-07-31,"transect"
"3047","-77.01157","38.9419",2012-09-10,"transect"
"3604","-77.01796","38.93899",2011-04-12,"transect"
"3530","-77.01936","38.93936",2010-12-18,"transect"
"7121","-77.03526","38.92445",2013-06-19,"transect"
"411","-77.00331","38.95305",2014-04-06,"transect"
"8184","-77.03214","38.91947",2018-04-30,"transect"
"4760","-77.00767","38.93402",2010-11-06,"transect"
"10316","-77.02575","38.90989",2011-10-24,"transect"
"6264","-77.03728","38.92808",2014-03-02,"transect"
"2486","-77.02061","38.94481",2019-01-03,"transect"
"8675","-77.02076","38.91705",2013-01-01,"Transect4"
"5131","-77.02622","38.93269",2012-05-18,"transect"
"9888","-77.05941","38.91208",2013-10-28,"transect"
"3408","-77.01889","38.9402",2019-05-08,"transect"
"5079","-77.03526","38.93281",2013-07-14,"transect"
"1474","-77.00783","38.94954",2012-11-05,"Transect"
"7755","-77.04773","38.92154",2019-06-18,"transect"
"4816","-77.00783","38.93378",2016-03-24,"transect"
"3123","-77.02684","38.94154",2019-04-14,"transect"
"8250","-77.05427","38.91899",2017-12-21,"transect"
"10669","-77.06861","38.90759",2016-02-01,"transect"
"2531","-77.02419","38.94457",2020-04-25,"transect"
"8299","-77.05069","38.91875",2020-01-23,"transect"
"3463","-77.02513","38.93984",2017-04-23,"transect"
"1609","-77.0203","38.94893",2012-07-21,"transect"
"301","-77.02591","38.95414",2019-05-06,"transect"
"7759","-77.04399","38.92154",2012-07-26,"transect"
"11540","-77.02731","38.90432",2012-03-13,"transect"
"1351","-77.02076","38.9499",2016-07-26,"transect"
"4208","-77.01609","38.93657",2013-02-06,"transect"
"6824","-77.01251","38.92578",2015-05-16,"transect"
"10697","-77.06861","38.90747",2019-11-28,"transect"
"5611","-77.01406","38.93111",2011-11-20,"transect"
"8908","-77.05754","38.91584",2011-08-17,"transect"
"10468","-77.06612","38.9088",2013-01-31,"transect"
"4436","-77.01734","38.93572",2010-05-18,"transect"
"6723","-77.04492","38.92614",2012-04-19,"transect"
"125","-77.02076","38.95681",2016-09-24,"transect"
"7024","-77.04149","38.92481",2012-02-15,"transect"
"9938","-77.05692","38.91183",2019-04-23,"transect"
"11518","-77.027","38.90444",2017-05-02,"transect"
"827","-77.00206","38.9516",2011-08-13,"Transect3"
"10865","-77.02092","38.90686",2018-06-17,"transect"
"8395","-77.05489","38.91826",2014-02-02,"transect"
"6046","-77.04508","38.92893",2010-07-08,"transect"
"122","-77.02248","38.95681",2011-04-08,"transect"
"7140","-77.04788","38.92432",2010-02-10,"transect"
"464","-77.0058","38.95293",2011-03-23,"transect"
"3319","-77.01375","38.94069",2018-12-07,"transect"
"3743","-77.00814","38.93839",2010-12-28,"transect"
"6416","-77.04289","38.92748",2016-06-21,"transect"
"11152","-77.03479","38.90589",2012-11-29,"transect"
"5916","-77.04851","38.92954",2013-07-20,"transect"
"2772","-77.03464","38.94324",2011-11-19,"transect"
"11086","-77.00845","38.90626",2018-09-17,"transect"
"1279","-77.01874","38.95014",2017-11-10,"transect"
"7481","-77.03495","38.92287",2011-04-29,"transect"
"6995","-77.03838","38.92493",2010-10-18,"transect"
"6247","-77.01391","38.9282",2017-12-26,"transect"
"8654","-77.02061","38.91717",2015-07-07,"transect"
"5037","-77.04243","38.93293",2012-12-02,"transect"
"10737","-77.06627","38.90735",2017-07-06,"transect"
"4407","-77.01983","38.93584",2013-10-31,"transect"
"5685","-77.01702","38.93075",2012-04-06,"transect"
"8738","-77.05209","38.91669",2014-09-30,"transect"
"6939","-77.03417","38.92517",2011-10-29,"transect"
"10465","-77.06705","38.9088",2017-10-23,"transect"
"2376","-77.0323","38.94566",2017-11-01,"transect"
"8920","-77.04492","38.91584",2016-04-17,"transect"
"842","-77.01032","38.95148",2014-09-08,"transect"
"1371","-77.01328","38.9499",2015-10-28,"transect"
"3842","-77.02326","38.93802",2019-06-02,"transects"
"3397","-77.0083","38.94033",2019-10-06,"transect"
"3936","-77.04118","38.93766",2010-06-12,"transect"
"3598","-77.02139","38.93899",2011-10-15,"transect"
"2106","-77.01889","38.94699",2014-10-10,"transect"
"2228","-77.03043","38.94639",2011-01-14,"transect"
"831","-77.02825","38.95148",2020-02-21,"transect"
"8649","-77.03495","38.91717",2012-01-16,"transect"
"8648","-77.0351","38.91717",2014-10-29,"transect"
"1859","-77.01734","38.94808",2019-01-30,"transect"
"9390","-77.04897","38.91438",2015-11-20,"first_transect"
"5108","-77.04289","38.93269",2016-04-27,"transect"
"11488","-77.0231","38.90456",2016-01-01,"transect"
"9939","-77.05676","38.91183",2011-11-27,"transect"
"3908","-77.03697","38.93778",2010-08-14,"transect"
"9421","-77.05957","38.91426",2012-01-17,"transect"
"10703","-77.06658","38.90747",2019-05-21,"transect"
"5516","-77.0443","38.93136",2012-02-11,"transect"
"6159","-77.04601","38.92845",2012-04-24,"Transect3"
"3626","-77.01609","38.93887",2012-02-22,"transect"
"11736","-77.03308","38.90347",2015-09-15,"transect3"
"6164","-77.04009","38.92845",2013-10-19,"transect"
"8524","-77.051","38.91766",2016-02-19,"transect"
"7402","-77.04399","38.92323",2019-06-23,"transect"
"7303","-77.05302","38.9236",2013-05-20,"transect"
"6916","-77.03276","38.92529",2017-10-09,"thirdtransect"
"3200","-77.015","38.9413",2012-12-01,"transect"
"8024","-77.04009","38.9202",2016-04-01,"transect"
"8096","-77.01469","38.91996",2013-12-26,"transect"
"10115","-77.05973","38.91099",2016-03-11,"transect"
"8214","-77.04757","38.91923",2015-04-02,"transect"
"4633","-77.00752","38.93475",2013-04-25,"transect"
"8182","-77.03323","38.91947",2013-10-07,"transect"
"8601","-77.02014","38.91741",2010-01-09,"transect"
"2944","-77.00877","38.94239",2014-03-24,"transect"
"984","-77.01328","38.95111",2018-06-27,"transect4"
"9996","-77.03775","38.91159",2014-07-24,"transect"
"9518","-77.05926","38.91402",2014-10-14,"transect"
"10705","-77.06596","38.90747",2018-06-29,"transect"
"2811","-77.01952","38.94299",2016-12-07,"transect"
"1402","-77.01609","38.94978",2016-08-06,"transect_2"
"11071","-77.02404","38.90626",2012-04-11,"transect"
"4502","-77.01188","38.93548",2019-04-05,"transect"
"10213","-77.03713","38.9105",2014-02-22,"transect"
"6325","-77.03931","38.92784",2011-06-21,"Transect5"
"2306","-77.02793","38.94602",2011-04-06,"transect"
"10067","-77.05926","38.91123",2011-03-01,"Transect5"
"9535","-77.03152","38.91402",2014-12-07,"transect"
"374","-77.003","38.95317",2012-04-30,"first_transect"
"1242","-77.01812","38.95026",2016-03-20,"transect"
"1677","-77.02217","38.94869",2010-04-22,"transect"
"2684","-77.03495","38.94372",2016-04-10,"transect"
"8863","-77.03121","38.91608",2017-03-16,"transect"
"5466","-77.01905","38.9316",2010-06-03,"transect"
"6233","-77.03323","38.9282",2017-05-08,"transect"
"2193","-77.01064","38.94663",2018-11-25,"transect"
"798","-77.00518","38.95172",2016-03-29,"transect"
"136","-77.01469","38.95681",2012-06-11,"transect"
"10212","-77.03728","38.9105",2014-02-04,"transect"
"11435","-77.02825","38.90468",2020-01-17,"transect"
"6423","-77.03744","38.92748",2013-06-21,"transect"
"6803","-77.04445","38.92578",2018-10-07,"transect"
"9331","-77.0591","38.9145",2016-09-16,"transect"
"7641","-77.05396","38.92202",2011-12-10,"transect"
"7095","-77.0337","38.92457",2016-10-09,"transect"
"11310","-77.01406","38.90529",2018-05-19,"transect"
"8166","-77.01531","38.9196",2015-05-19,"transect"
"4971","-77.04165","38.93317",2017-10-12,"transect"
"1077","-77.01531","38.95075",2017-12-17,"transect"
"10800","-77.02388","38.90711",2018-10-29,"transect"
"4332","-77.0217","38.93608",2017-08-06,"transect"
"6152","-77.01001","38.92857",2012-05-22,"transect"
"4660","-77.03682","38.93451",2015-04-26,"transect"
"2031","-77.01484","38.94736",2016-05-08,"transects"
"6739","-77.02154","38.92614",2015-09-16,"transect"
"152","-77.02388","38.95645",2012-08-28,"transect"
"2795","-77.01188","38.94311",2010-05-09,"transect"
"8587","-77.04476","38.91741",2019-11-20,"transect_2"
"3239","-77.03027","38.94105",2011-03-17,"Transect2"
"451","-77.00814","38.95293",2010-08-22,"transect4"
"2884","-77.01734","38.94263",2017-05-07,"transect"
"3144","-77.03713","38.94142",2017-08-01,"transect"
"2325","-77.01141","38.94602",2016-12-31,"transect"
"7239","-77.04866","38.92384",2013-01-19,"transect"
"8370","-77.05489","38.91838",2020-01-05,"transect"
"2375","-77.00892","38.94578",2015-11-04,"transect"
"244","-77.0164","38.95511",2018-10-17,"transect"
"5176","-77.03183","38.93257",2013-02-07,"transect"
"8739","-77.04866","38.91669",2013-04-27,"transect"
"11639","-77.02902","38.90395",2013-08-16,"transect"
"6929","-77.04648","38.92517",2013-07-11,"transect"
"9400","-77.03339","38.91438",2011-02-04,"transect3"
"11634","-77.03588","38.90395",2014-06-06,"transect"
"1823","-77.01827","38.9482",2015-07-17,"transect"
"1409","-77.01453","38.94978",2019-12-21,"transect"
"5135","-77.02092","38.93269",2019-04-20,"transect"
"6706","-77.03697","38.92626",2015-02-01,"transect"
"1160","-77.01547","38.95051",2018-07-06,"transect"
"1847","-77.00799","38.9482",2017-04-16,"transect"
"7057","-77.04056","38.92469",2019-02-17,"transect"
"1765","-77.01609","38.94845",2015-12-20,"transect1"
"2942","-77.01032","38.94239",2011-08-28,"transect"
"2858","-77.03089","38.94275",2011-02-21,"transect"
"448","-77.00861","38.95293",2015-01-24,"transect"
"4742","-77.03931","38.93402",2014-05-29,"transect"
"251","-77.0256","38.95499",2017-03-19,"transect"
"5581","-77.01625","38.93123",2014-05-27,"Transect"
"7910","-77.03713","38.92069",2012-07-14,"transect"
"7961","-77.04196","38.92044",2010-04-23,"transect"
"11271","-77.02762","38.90529",2013-06-22,"transect"
"7837","-77.04835","38.92105",2020-04-13,"transect"
"11019","-77.01064","38.9065",2013-07-18,"transect"
"5254","-77.04352","38.93233",2018-04-07,"transect"
"11252","-77.02014","38.90541",2016-04-02,"transect"
"296","-77.01251","38.95426",2014-04-15,"transect"
"8849","-77.0538","38.91608",2019-10-11,"transect"
"4784","-77.01282","38.9339",2020-03-09,"transect"
"2403","-77.01484","38.94554",2018-03-13,"transect"
"4948","-77.02466","38.9333",2010-09-02,"transect"
"5954","-77.03152","38.92942",2019-04-19,"transect"
"9697","-77.03089","38.91317",2019-05-10,"transect"
"10909","-77.01578","38.90674",2012-06-24,"transect"
"5226","-77.0298","38.93245",2014-05-10,"transect"
"1799","-77.01827","38.94833",2016-04-29,"transect"
"3173","-77.01204","38.94142",2011-09-17,"transect"
"576","-77.01453","38.95245",2012-03-18,"transect"
"7413","-77.01812","38.92323",2017-07-11,"transect"
"11707","-77.02217","38.90371",2011-07-25,"transect"
"3924","-77.01921","38.93778",2018-06-15,"transect"
"9908","-77.06082","38.91196",2018-07-16,"transect"
"1895","-77.02606","38.94796",2017-12-06,"transect_2"
"10269","-77.06175","38.91014",2012-09-23,"transects"
"5895","-77.04679","38.92966",2018-01-02,"transect"
"4681","-77.03121","38.93439",2017-09-05,"transect"
"7753","-77.04944","38.92154",2015-12-16,"transect"
"5265","-77.03588","38.93233",2011-07-24,"transect"
"8211","-77.05006","38.91923",2016-11-15,"transect"
"2036","-77.01079","38.94736",2019-07-10,"transect"
"10425","-77.02482","38.90917",2015-02-15,"transect"
"8064","-77.03261","38.92008",2016-05-26,"transect"
"427","-77.00082","38.95305",2010-08-25,"transect_2"
"6444","-77.01718","38.92748",2019-02-15,"transect"
"1593","-77.01375","38.94905",2017-03-24,"transect"
"5838","-77.01282","38.93002",2020-02-16,"transect"
"3750","-77.03915","38.93827",2014-06-05,"transect"
"9993","-77.05739","38.91159",2014-01-09,"transect"
"7903","-77.04523","38.92069",2014-10-31,"transect"
"8124","-77.04913","38.91972",2011-06-04,"transect"
"3108","-77.00861","38.94166",2011-08-29,"transect"
"6819","-77.02232","38.92578",2016-11-02,"transect"
"5252","-77.04445","38.93233",2013-09-04,"transect"
"4856","-77.04445","38.93354",2015-03-02,"transect"
"3865","-77.00877","38.93802",2018-09-20,"transect"
"11278","-77.02653","38.90529",2019-01-06,"Transect2"
"10754","-77.01469","38.90735",2018-02-11,"transect"
"5651","-77.0298","38.93087",2020-04-10,"transect"
"6655","-77.03791","38.92651",2016-11-04,"transect"
"7396","-77.04975","38.92323",2019-03-29,"transect"
"7321","-77.0323","38.9236",2017-06-24,"transect"
"3305","-77.0376","38.94069",2015-12-29,"transect"
"817","-77.0083","38.9516",2010-01-16,"transect"
"11797","-77.03214","38.90322",2017-01-13,"transect"
"4525","-77.02279","38.93536",2012-11-28,"transect"
"5017","-77.02902","38.93305",2012-07-19,"transect"
"6684","-77.03276","38.92638",2017-04-09,"transect"
"6371","-77.01827","38.92772",2016-11-07,"transect"
"4775","-77.02451","38.9339",2018-05-26,"transect"
"6529","-77.03541","38.92711",2013-11-09,"transect"
"9899","-77.02965","38.91208",2012-10-04,"transect"
"3890","-77.01858","38.9379",2016-11-01,"transect"
"3300","-77.00877","38.94081",2011-03-31,"transect"
"7131","-77.01126","38.92445",2019-11-05,"transect"
"3096","-77.02123","38.94166",2012-10-21,"transect"
"2350","-77.01079","38.9459",2017-01-26,"Transect1"
"1052","-77.00954","38.95087",2017-01-19,"transect"
"3565","-77.03838","38.93911",2017-04-08,"Transect3"
"5123","-77.03043","38.93269",2016-12-25,"transect"
"331","-77.01017","38.95366",2018-05-31,"transect"
"10858","-77.0351","38.90686",2013-07-27,"transect"
"6789","-77.02731","38.9259",2010-07-04,"TRANSECT"
"95","-77.01531","38.95705",2013-10-04,"transect "
"6915","-77.03292","38.92529",2014-08-31,"transect"
"3184","-77.03354","38.9413",2020-05-01,"transect"
"7255","-77.02715","38.92384",2018-04-15,"transect"
"4257","-77.03167","38.93633",2015-11-01,"transect"
"127","-77.01905","38.95681",2010-09-18,"transect"
"10815","-77.01391","38.90711",2015-11-15,"transect1"
"6737","-77.02638","38.92614",2010-01-14,"transect"
"9088","-77.04851","38.91535",2011-05-29,"transect"
"10926","-77.06752","38.90662",2016-08-04,"transect"
"7093","-77.03401","38.92457",2020-04-11,"transect"
"2580","-77.01313","38.94445",2014-09-13,"transect"
"1998","-77.0083","38.9476",2010-07-19,"transect"
"9827","-77.03822","38.91244",2017-08-22,"transect"
"1154","-77.0164","38.95051",2010-11-01,"second_transect"
"8090","-77.03354","38.91996",2017-10-16,"transect"
"6924","-77.0097","38.92529",2015-06-15,"transect"
"10498","-77.02575","38.90868",2012-10-27,"transect"
"10894","-77.02092","38.90674",2013-02-21,"transect"
"8246","-77.01578","38.91911",2014-06-01,"transect"
"4864","-77.03588","38.93354",2017-09-20,"transect"
"2062","-77.01001","38.94723",2019-08-23,"transect"
"6081","-77.01609","38.92881",2017-09-19,"transect"
"3465","-77.01952","38.93984",2013-04-18,"transect"
"3101","-77.01453","38.94166",2013-09-10,"transect"
"1208","-77.01453","38.95039",2017-10-28,"transect"
"8167","-77.01515","38.9196",2016-05-30,"transect"
"7215","-77.04851","38.92396",2011-03-26,"transect"
"8874","-77.05692","38.91596",2015-07-03,"transect"
"6686","-77.02123","38.92638",2015-03-03,"transect"
"10124","-77.02684","38.91099",2016-03-17,"transect"
"5686","-77.01671","38.93075",2012-12-11,"transect"
"8210","-77.05084","38.91923",2017-01-18,"transect"
"1990","-77.01749","38.9476",2018-03-24,"transect"
"383","-77.0016","38.95317",2019-07-25,"transect"
"10467","-77.06674","38.9088",2015-10-29,"transect"
"9216","-77.02606","38.91499",2011-12-15,"transect"
"11447","-77.0231","38.90468",2011-03-08,"transect"
"7543","-77.03682","38.92263",2018-01-14,"transect"
"5917","-77.04835","38.92954",2010-05-11,"transect"
"7356","-77.02762","38.92348",2013-03-30,"transect"
"7699","-77.01251","38.9219",2012-12-13,"transect"
"2785","-77.03573","38.94311",2018-05-14,"transect"
"1096","-77.02934","38.95063",2016-07-07,"transect"
"9966","-77.05676","38.91171",2014-04-10,"transect"
"7938","-77.04009","38.92057",2015-01-10,"transect"
"7887","-77.02326","38.92081",2016-11-06,"transect"
"11416","-77.02513","38.9048",2017-04-26,"transect1"
"4002","-77.00721","38.93742",2019-12-18,"transect"
"10295","-77.03541","38.91002",2016-02-20,"transect"
"5264","-77.03604","38.93233",2012-06-02,"transect"
"3505","-77.039","38.93948",2019-11-13,"transect"
"4357","-77.03448","38.93596",2016-08-03,"transect"
"8753","-77.05614","38.91656",2019-06-26,"transect"
"11574","-77.02326","38.90419",2016-01-10,"transect"
"1262","-77.01095","38.95026",2013-10-29,"transect"
"6357","-77.03448","38.92772",2014-09-25,"transect"
"4860","-77.03962","38.93354",2013-06-28,"transect"
"10119","-77.03604","38.91099",2010-08-18,"transect"
"7089","-77.03884","38.92457",2018-07-25,"transect"
"1949","-77.02871","38.94772",2016-05-20,"transect"
"5249","-77.04554","38.93233",2012-10-13,"transect"
"8864","-77.02435","38.91608",2014-06-26,"transect"
"9183","-77.05863","38.91499",2011-11-08,"transect"
"10709","-77.03401","38.90747",2017-05-24,"transect"
"11563","-77.02778","38.90419",2017-10-11,"transect"
"7386","-77.02575","38.92335",2011-09-25,"transect"
"8525","-77.05053","38.91766",2017-11-23,"transect"
"8383","-77.03853","38.91838",2017-12-29,"transect"
"871","-77.02731","38.95136",2010-09-21,"transect"
"5996","-77.04866","38.92917",2015-04-05,"transect"
"5019","-77.02575","38.93305",2010-03-07,"transect"
"1381","-77.00767","38.9499",2015-09-12,"transect"
"603","-77.00674","38.95233",2014-09-09,"transect"
"9671","-77.0524","38.91329",2018-04-06,"transect"
"7559","-77.04212","38.92251",2017-04-17,"transect"
"4727","-77.02419","38.93414",2010-01-12,"transect"
"5051","-77.02575","38.93293",2011-12-24,"transect"
"5929","-77.0231","38.92954",2018-10-20,"second_transect"
"5909","-77.02528","38.92966",2018-05-11,"transect"
"2231","-77.02622","38.94639",2019-10-09,"transect"
"1801","-77.01609","38.94833",2018-11-18,"transect"
"10287","-77.06315","38.91002",2015-04-18,"transect"
"8623","-77.03479","38.91729",2014-06-25,"transect"
"7928","-77.04788","38.92057",2019-10-02,"transect"
"8666","-77.05193","38.91705",2019-12-20,"transect"
"8222","-77.01609","38.91923",2012-03-08,"transect"
"4050","-77.02684","38.93705",2012-09-10,"transect"
"5748","-77.04741","38.93039",2019-03-21,"transect"
"4306","-77.00845","38.9362",2017-06-19,"transect"
"7968","-77.04071","38.92044",2010-07-26,"transect"
"8530","-77.04165","38.91766",2020-03-21,"transect"
"10255","-77.03557","38.91026",2020-02-15,"transect"
"409","-77.00362","38.95305",2010-03-09,"transect"
"2494","-77.00954","38.94481",2015-06-10,"transect"
"962","-77.02201","38.95111",2014-07-22,"transect"
"2118","-77.01017","38.94699",2011-02-15,"transect"
"1731","-77.0164","38.94857",2016-09-07,"transect"
"1568","-77.03012","38.94905",2015-01-18,"transect"
"9640","-77.05786","38.91341",2019-09-07,"transect"
"4973","-77.03791","38.93317",2015-10-01,"transect"
"5129","-77.02684","38.93269",2020-04-26,"transect"
"1596","-77.00923","38.94905",2016-09-18,"transect"
"3420","-77.03838","38.94008",2016-08-29,"transect"
"11334","-77.02466","38.90516",2015-02-18,"transect"
"375","-77.00284","38.95317",2018-03-23,"transect"
"10192","-77.02809","38.91062",2015-01-02,"transect"
"3370","-77.01048","38.94045",2016-10-19,"transect"
"2655","-77.01438","38.94396",2017-07-20,"transect"
"580","-77.00674","38.95245",2010-11-23,"transect"
"9736","-77.05349","38.91293",2019-02-25,"transect"
"4756","-77.01593","38.93402",2016-11-18,"transect"
"8586","-77.04492","38.91741",2015-05-07,"transect"
"5761","-77.01313","38.93039",2014-06-17,"transect"
"7004","-77.03012","38.92493",2011-07-21,"transect"
"2670","-77.01921","38.94384",2014-01-12,"transect"
"9679","-77.02918","38.91329",2011-06-16,"transect"
"10399","-77.06269","38.90929",2018-02-26,"transect"
"8695","-77.03027","38.91693",2019-04-10,"transect"
"1306","-77.01064","38.95014",2010-01-11,"first_transect"
"3700","-77.01967","38.93851",2017-06-23,"transect"
"7124","-77.03245","38.92445",2014-06-27,"transect"
"11637","-77.03541","38.90395",2019-08-18,"transect4"
"10360","-77.06269","38.90953",2013-05-21,"transect"
"2370","-77.01219","38.94578",2010-02-20,"transect"
"2495","-77.00939","38.94481",2019-11-28,"transect"
"4364","-77.02606","38.93596",2011-07-20,"transect"
"5306","-77.03074","38.9322",2016-11-23,"transect"
"11391","-77.02497","38.90492",2019-04-11,"transect3"
"372","-77.00331","38.95317",2012-09-15,"transect"
"3386","-77.01562","38.94033",2010-03-24,"transect"
"7308","-77.04586","38.9236",2011-07-16,"transect"
"6500","-77.02497","38.92723",2018-01-13,"transect"
"3328","-77.01064","38.94069",2014-02-09,"transect"
"1513","-77.02232","38.9493",2014-03-26,"transect"
"1943","-77.00986","38.94784",2019-11-27,"transect"
"5025","-77.015","38.93305",2019-04-23,"transect"
"7999","-77.03245","38.92032",2019-11-01,"transect"
"3352","-77.01048","38.94057",2016-10-18,"transect"
"1908","-77.01438","38.94796",2015-05-08,"transect"
"1016","-77.01547","38.95099",2013-02-27,"transect"
"6727","-77.04118","38.92614",2017-07-22,"TRANSECT"
"4572","-77.04336","38.93499",2019-11-02,"Transect5"
"6063","-77.0083","38.92893",2018-03-16,"transect"
"5316","-77.02669","38.9322",2011-11-03,"transect"
"9449","-77.03089","38.91426",2019-09-14,"transect"
"6923","-77.01064","38.92529",2019-03-05,"transect"
"10639","-77.01578","38.90783",2012-12-18,"transect"
"894","-77.00799","38.95136",2011-11-19,"transect"
"10373","-77.06627","38.90941",2014-02-24,"transect"
"4107","-77.01625","38.93693",2020-04-16,"transect"
"8564","-77.01983","38.91753",2019-09-25,"transect"
"6133","-77.03276","38.92857",2017-04-15,"transect"
"9701","-77.02887","38.91317",2018-09-17,"transect"
"10357","-77.06502","38.90953",2010-05-30,"transect"
"11776","-77.02731","38.90335",2011-11-17,"transect"
"4003","-77.04165","38.9373",2012-12-16,"transect"
"10256","-77.02762","38.91026",2017-05-28,"transect"
"5563","-77.02902","38.93123",2010-09-14,"transect"
"5060","-77.01328","38.93293",2017-10-23,"transect"
"1070","-77.01765","38.95075",2010-02-08,"transect"
"878","-77.0164","38.95136",2010-02-17,"transect"
"7571","-77.01297","38.92251",2017-11-01,"transect"
"1776","-77.01391","38.94845",2012-12-05,"transect"
"6688","-77.00908","38.92638",2013-06-05,"transect"
"6120","-77.01064","38.92869",2015-01-16,"transect"
"4797","-77.03448","38.93378",2013-05-07,"transect4"
"5358","-77.01967","38.93208",2012-04-08,"transect"
"6060","-77.01328","38.92893",2010-09-12,"transect"
"5922","-77.03152","38.92954",2016-10-08,"transect"
"5410","-77.0164","38.93184",2011-10-06,"transect"
"9388","-77.05038","38.91438",2018-02-27,"transect"
"3044","-77.01266","38.9419",2019-04-13,"transect"
"2860","-77.01983","38.94275",2017-12-01,"transect"
"9862","-77.06066","38.9122",2013-05-05,"transect"
"7628","-77.04274","38.92214",2013-06-17,"transect"
"6024","-77.04009","38.92905",2017-11-22,"transect"
"6583","-77.0337","38.92687",2019-08-21,"transect"
"6900","-77.00939","38.92541",2012-05-06,"transect"
"3874","-77.03838","38.9379",2013-12-19,"transect"
"9743","-77.03043","38.91293",2016-09-10,"transect"
"10696","-77.06876","38.90747",2015-11-26,"transect"
"4103","-77.0178","38.93693",2017-12-02,"transect"
"502","-77.00845","38.95281",2013-04-06,"transect"
"10440","-77.02638","38.90905",2015-08-22,"transect"
"9146","-77.02544","38.91523",2018-07-12,"transect"
"8171","-77.0524","38.91947",2019-09-20,"transect"
"1534","-77.02575","38.94917",2011-11-27,"transect"
"5943","-77.04851","38.92942",2010-08-14,"transect"
"1354","-77.01796","38.9499",2013-08-29,"transect"
"1972","-77.01032","38.94772",2014-02-25,"transect"
"1133","-77.00518","38.95063",2011-05-16,"transect"
"4628","-77.01188","38.93475",2018-12-08,"transect"
"11366","-77.02528","38.90504",2016-06-02,"transect"
"6139","-77.02949","38.92857",2015-09-15,"transect"
"5648","-77.03682","38.93087",2013-10-19,"transect"
"6587","-77.02622","38.92687",2010-06-08,"transect"
"9130","-77.04025","38.91523",2013-05-20,"transect1"
"2925","-77.03526","38.94239",2013-03-26,"transect"
"1810","-77.00939","38.94833",2012-03-26,"transect"
"5762","-77.01251","38.93039",2012-12-01,"transect"
"8690","-77.05178","38.91693",2015-04-02,"transect"
"5689","-77.01391","38.93075",2010-10-03,"transect"
"9406","-77.03245","38.91438",2013-05-18,"transect"
"2124","-77.03058","38.94687",2012-02-01,"transect"
"8762","-77.02965","38.91656",2019-10-27,"transect"
"2773","-77.03012","38.94324",2010-02-22,"transect"
"4943","-77.03012","38.9333",2014-10-09,"transect"
"6969","-77.03167","38.92505",2014-09-15,"transect"
"7800","-77.04679","38.92129",2018-01-16,"transect"
"7426","-77.04539","38.92311",2016-01-11,"transect"
"7981","-77.05412","38.92032",2016-08-14,"transect"
"2803","-77.00923","38.94311",2014-07-24,"transect"
"8719","-77.03043","38.91681",2012-11-03,"thirdtransect"
"4578","-77.03058","38.93499",2012-07-11,"transect"
"7425","-77.04663","38.92311",2012-11-21,"transect"
"2305","-77.02887","38.94602",2015-12-15,"transect"
"11403","-77.03261","38.9048",2013-09-30,"Transect3"
"942","-77.00315","38.95123",2015-09-08,"transect"
"826","-77.00222","38.9516",2010-02-18,"transect"
"6446","-77.0083","38.92748",2016-10-10,"Transect4"
"1689","-77.01889","38.94869",2011-03-09,"transect"
"4029","-77.02684","38.93717",2014-08-19,"transect"
"11677","-77.02575","38.90383",2011-08-22,"TRANSECT"
"5796","-77.03666","38.93014",2013-12-28,"transect"
"4855","-77.00767","38.93366",2019-07-29,"transect"
"9327","-77.02731","38.91462",2012-03-12,"TRANSECT"
"10521","-77.06736","38.90844",2017-03-16,"transect"
"10961","-77.01406","38.90662",2010-06-03,"transect"
"10985","-77.0351","38.9065",2017-06-10,"transect"
"10049","-77.0376","38.91135",2011-12-05,"transect"
"7243","-77.04445","38.92384",2018-09-18,"transect"
"5011","-77.03635","38.93305",2010-09-06,"transect"
"6950","-77.05193","38.92505",2012-01-27,"transect"
"5920","-77.04399","38.92954",2019-02-20,"transect"
"9999","-77.02934","38.91159",2011-10-08,"transect"
"38","-77.0178","38.95742",2013-11-16,"transect"
"2910","-77.01983","38.94251",2015-04-07,"Transect2"
"575","-77.01469","38.95245",2014-03-31,"transect"
"8702","-77.02061","38.91693",2015-12-13,"transect"
"4001","-77.00736","38.93742",2012-08-28,"transect"
"8907","-77.0577","38.91584",2010-09-30,"transect"
"3127","-77.0217","38.94154",2011-09-23,"transect"
"594","-77.01453","38.95233",2018-02-23,"transect"
"6020","-77.04866","38.92905",2018-12-24,"transect"
"9579","-77.05069","38.91377",2017-07-25,"transect"
"10707","-77.03573","38.90747",2020-01-10,"transect"
"2974","-77.0284","38.94214",2012-08-06,"transect"
"7885","-77.02357","38.92081",2015-12-02,"transect"
"6775","-77.05038","38.9259",2016-09-20,"transect"
"8212","-77.04991","38.91923",2015-12-25,"transect"
"2525","-77.02513","38.94457",2012-03-04,"transect"
"9410","-77.03183","38.91438",2015-08-08,"transect"
"6623","-77.0404","38.92663",2018-09-07,"Transect3"
"8095","-77.01484","38.91996",2018-09-16,"transect"
"10759","-77.06908","38.90723",2013-12-20,"transect"
"7742","-77.02295","38.92166",2011-07-31,"transect"
"5978","-77.03713","38.92929",2016-03-16,"transect"
"3290","-77.01889","38.94081",2013-02-15,"transect"
"4046","-77.03276","38.93705",2011-12-20,"transect"
"4818","-77.0443","38.93366",2016-07-15,"transect"
"9542","-77.05941","38.9139",2016-05-01,"transect"
"2830","-77.03074","38.94287",2019-02-26,"transect"
"3624","-77.01843","38.93887",2014-03-27,"transect"
"5312","-77.02731","38.9322",2014-06-06,"transect"
"7639","-77.01235","38.92214",2013-04-29,"transect"
"7120","-77.03775","38.92445",2014-02-07,"transect"
"9870","-77.05536","38.9122",2011-08-05,"transect"
"5396","-77.04305","38.93184",2018-08-03,"transect"
"11140","-77.00767","38.90601",2015-08-19,"transect"
"9414","-77.02996","38.91438",2015-07-02,"transect"
"10787","-77.06908","38.90711",2017-01-07,"transect"
"7623","-77.04679","38.92214",2018-09-14,"transect"
"4151","-77.0418","38.93669",2014-07-14,"transect"
"8924","-77.0443","38.91584",2020-03-12,"transect"
"675","-77.01671","38.95208",2010-11-20,"transect"
"9076","-77.05817","38.91535",2010-03-05,"transect"
"10928","-77.06721","38.90662",2015-01-24,"transect"
"1228","-77.02435","38.95026",2013-02-04,"transect"
"7947","-77.01406","38.92057",2011-11-11,"transect"
"8061","-77.03791","38.92008",2020-01-30,"transect1"
"2342","-77.01718","38.9459",2016-08-15,"transect"
"6040","-77.00954","38.92905",2016-11-16,"transect"
"7808","-77.03183","38.92129",2010-11-07,"transect"
"4858","-77.04336","38.93354",2011-07-09,"transect"
"185","-77.02435","38.95584",2017-03-27,"transect"
"6949","-77.00954","38.92517",2011-12-03,"transect"
"775","-77.02341","38.95172",2015-07-21,"transect"
"967","-77.01718","38.95111",2014-07-12,"transect"
"6574","-77.04383","38.92687",2015-12-05,"transect"
"5569","-77.027","38.93123",2018-07-09,"transect"
"5494","-77.02856","38.93148",2015-03-29,"transect"
"8512","-77.02856","38.91778",2011-03-10,"transect"
"8550","-77.05131","38.91753",2011-03-06,"transect"
"9456","-77.0298","38.91426",2015-02-11,"transect"
"5641","-77.00845","38.93099",2010-06-29,"transect"
"235","-77.01219","38.95523",2014-10-20,"transect"
"7591","-77.02045","38.92238",2010-07-23,"transect"
"1205","-77.01531","38.95039",2018-12-14,"transect"
"11051","-77.01328","38.90638",2012-10-02,"transect"
"9156","-77.05614","38.91511",2011-09-07,"transect"
"6680","-77.03682","38.92638",2019-06-04,"transect"
"1696","-77.01671","38.94869",2018-01-02,"transect"
"9666","-77.05786","38.91329",2018-08-06,"transect"
"6209","-77.02232","38.92832",2012-05-04,"transect"
"9610","-77.02918","38.91365",2019-04-17,"transect"
"3873","-77.04071","38.9379",2011-09-24,"transect"
"5496","-77.02482","38.93148",2015-07-01,"transect"
"7289","-77.02731","38.92372",2015-02-15,"transect"
"8599","-77.02264","38.91741",2012-11-19,"transect"
"11588","-77.03573","38.90407",2015-01-03,"Transect3"
"6663","-77.02108","38.92651",2013-05-30,"transect"
"3545","-77.03635","38.93924",2016-07-27,"transect"
"5645","-77.04695","38.93087",2020-04-21,"transect"
"8154","-77.05038","38.9196",2010-12-12,"Transect4"
"8855","-77.04134","38.91608",2014-10-31,"transect"
"3311","-77.03199","38.94069",2010-03-04,"transect"
"4078","-77.02871","38.93693",2012-01-25,"transect"
"9565","-77.02934","38.9139",2014-07-02,"transect"
"4400","-77.02466","38.93584",2014-08-21,"transect_2"
"1275","-77.02825","38.95014",2019-05-01,"transect"
"6841","-77.03744","38.92566",2013-12-13,"transect1"
"7052","-77.0443","38.92469",2016-11-04,"transect"
"1950","-77.02669","38.94772",2012-01-12,"transect"
"8801","-77.03058","38.91632",2019-03-29,"transect"
"660","-77.00222","38.9522",2011-09-03,"transect"
"10870","-77.0178","38.90686",2015-12-29,"transect"
"10628","-77.06502","38.90783",2019-04-08,"transect"
"1630","-77.00892","38.94893",2011-09-15,"transect1"
"2783","-77.00923","38.94324",2017-01-13,"transects"
"9083","-77.05552","38.91535",2010-04-24,"transect"
"4146","-77.00752","38.93681",2015-10-04,"transect"
"6308","-77.01718","38.92796",2020-03-19,"transect"
"4810","-77.01531","38.93378",2014-07-20,"transect"
"6733","-77.0337","38.92614",2012-11-26,"transect"
"5333","-77.0443","38.93208",2019-08-08,"transect"
"8335","-77.02793","38.91863",2019-06-11,"transect"
"6109","-77.02404","38.92869",2016-02-08,"transect"
"1033","-77.02326","38.95087",2013-08-21,"transect"
"5502","-77.02108","38.93148",2015-03-11,"transect"
"8163","-77.0376","38.9196",2013-09-15,"transect"
"11666","-77.03713","38.90383",2012-02-18,"transect"
"6567","-77.00892","38.92699",2010-09-05,"thirdtransect"
"720","-77.00643","38.95196",2014-08-08,"transect"
"7694","-77.02076","38.9219",2010-09-19,"transect"
"10222","-77.06471","38.91038",2018-02-05,"transect"
"7776","-77.04944","38.92141",2018-05-02,"transect"
"9631","-77.03089","38.91353",2012-10-21,"transect"
"2095","-77.02388","38.94699",2019-10-19,"transects"
"5082","-77.03276","38.93281",2018-12-09,"transect"
"10626","-77.06534","38.90783",2017-01-19,"transect"
"10807","-77.01718","38.90711",2016-08-22,"transect"
"5308","-77.02871","38.9322",2016-10-23,"transect"
"4058","-77.01983","38.93705",2014-02-03,"transect"
"4777","-77.02341","38.9339",2011-10-04,"transect"
"9729","-77.05895","38.91293",2017-11-25,"transect"
"5470","-77.01328","38.9316",2014-10-13,"transect"
"5670","-77.0471","38.93075",2014-08-31,"transect"
"10902","-77.01843","38.90674",2019-09-23,"transect"
"8438","-77.03791","38.91814",2015-02-10,"transect"
"10413","-77.06502","38.90917",2012-06-23,"transect"
"11607","-77.02435","38.90407",2013-07-15,"transect"
"1530","-77.00767","38.9493",2017-05-12,"transect"
"2419","-77.01235","38.94542",2015-09-04,"transect"
"7442","-77.05365","38.92299",2015-09-24,"transect"
"8437","-77.03806","38.91814",2018-12-23,"transect"
"9767","-77.02856","38.9128",2020-04-11,"transect"
"388","-77.01578","38.95305",2010-11-28,"transect"
"7151","-77.03417","38.92432",2012-07-05,"transect"
"1855","-77.02388","38.94808",2016-09-08,"transect"
"8137","-77.02825","38.91972",2012-10-05,"transect"
"1620","-77.01625","38.94893",2014-08-14,"transect"
"9984","-77.06097","38.91159",2013-04-17,"transect"
"10872","-77.01749","38.90686",2013-02-21,"transect"
"665","-77.00066","38.9522",2013-04-18,"transect"
"7202","-77.03557","38.92408",2018-05-21,"Transect3"
"8048","-77.05365","38.92008",2012-05-12,"transect"
"10562","-77.06549","38.9082",2014-07-15,"Transect5"
"5684","-77.0203","38.93075",2019-04-26,"transect"
"2836","-77.01812","38.94287",2014-03-06,"transect"
"3590","-77.02669","38.93899",2014-01-07,"transect"
"4182","-77.04196","38.93657",2017-10-28,"transect"
"7751","-77.05209","38.92154",2012-08-21,"transect"
"4792","-77.04149","38.93378",2015-05-01,"transect"
"5411","-77.01282","38.93184",2012-01-08,"transect"
"134","-77.015","38.95681",2013-03-13,"transect"
"7104","-77.01048","38.92457",2019-05-13,"transect"
"7332","-77.02217","38.9236",2015-10-29,"transect"
"6222","-77.0496","38.9282",2013-06-29,"Transect1"
"4381","-77.0083","38.93596",2015-08-23,"transect"
"219","-77.01391","38.95536",2019-11-18,"Transect2"
"9424","-77.05863","38.91426",2012-11-27,"transect"
"3515","-77.01469","38.93948",2016-04-05,"transect"
"53","-77.01952","38.95729",2010-09-07,"transect"
"8734","-77.05271","38.91669",2020-03-06,"transect"
"5034","-77.04492","38.93293",2015-09-29,"transect"
"3209","-77.0083","38.9413",2016-08-25,"transect"
"1552","-77.01687","38.94917",2015-07-11,"transect"
"5564","-77.02793","38.93123",2014-12-31,"transect"
"9826","-77.03838","38.91244",2011-05-06,"transect"
"10933","-77.02404","38.90662",2017-04-26,"transect"
"10210","-77.06113","38.9105",2015-08-10,"transect"
"10329","-77.03541","38.90977",2016-08-11,"transect"
"5224","-77.0337","38.93245",2016-08-03,"transect"
"7531","-77.04741","38.92263",2019-02-02,"transect"
"7679","-77.04461","38.9219",2010-06-22,"transect"
"3201","-77.01344","38.9413",2013-03-16,"transect"
"7612","-77.01313","38.92226",2012-11-23,"transect"
"9154","-77.05723","38.91511",2019-12-26,"transect"
"6504","-77.02139","38.92723",2013-03-27,"transect_2"
"210","-77.01251","38.95548",2011-02-02,"transect"
"2119","-77.00861","38.94699",2012-12-28,"transect"
"7240","-77.04726","38.92384",2012-11-24,"transect"
"11135","-77.01734","38.90601",2013-09-13,"transect"
"7134","-77.01048","38.92445",2011-08-04,"transect"
"2100","-77.02045","38.94699",2012-08-23,"transect"
"10263","-77.0644","38.91014",2014-12-12,"transect"
"5233","-77.02154","38.93245",2010-05-31,"transect"
"4884","-77.01609","38.93354",2013-06-04,"transect"
"1304","-77.01095","38.95014",2020-01-04,"transect"
"2536","-77.01983","38.94457",2012-10-01,"transect"
"2235","-77.02466","38.94639",2014-11-19,"transect"
"2144","-77.01219","38.94687",2011-08-07,"transect"
"3375","-77.03806","38.94033",2020-01-27,"transect"
"10997","-77.01921","38.9065",2017-03-09,"transect"
"61","-77.01671","38.95729",2010-01-26,"transect"
"10104","-77.06331","38.91099",2014-06-25,"transect"
"7033","-77.02684","38.92481",2017-05-13,"transect"
"11029","-77.06876","38.90638",2011-01-06,"Transect"
"5896","-77.04383","38.92966",2012-12-17,"first_transect"
"4872","-77.02809","38.93354",2019-12-20,"transect"
"2922","-77.03635","38.94239",2013-03-18,"transect"
"3800","-77.02435","38.93814",2011-09-20,"transect"
"7630","-77.03635","38.92214",2020-01-28,"transect"
"7710","-77.04492","38.92178",2010-04-13,"transect"
"1976","-77.03105","38.9476",2013-11-19,"transect"
"9785","-77.03838","38.91268",2014-03-13,"transect"
"5062","-77.01282","38.93293",2019-07-15,"second_transect"
"2591","-77.03245","38.94433",2020-01-01,"transect"
"2484","-77.02092","38.94481",2012-11-22,"transect"
"2269","-77.01017","38.94627",2014-12-17,"transect"
"10963","-77.01375","38.90662",2014-11-22,"transect"
"7346","-77.04492","38.92348",2013-06-19,"transect"
"7389","-77.01765","38.92335",2013-05-17,"Transect5"
"5424","-77.03962","38.93172",2012-04-18,"transect"
"6003","-77.03183","38.92917",2017-02-14,"second_transect"
"2844","-77.01157","38.94287",2013-09-09,"transect"
"4801","-77.02778","38.93378",2020-04-26,"transect"
"518","-77.00596","38.95281",2016-09-18,"transect"
"7986","-77.0524","38.92032",2017-08-28,"transect"
"3806","-77.01999","38.93814",2016-11-24,"transect"
"5196","-77.01204","38.93257",2015-07-29,"transect"
"4518","-77.03261","38.93536",2017-12-08,"transect"
"7445","-77.05006","38.92299",2011-09-02,"transect"
"2174","-77.02014","38.94663",2018-01-30,"transect"
"4493","-77.02295","38.93548",2019-05-06,"transect"
"2481","-77.02139","38.94481",2010-02-20,"transect"
"7826","-77.03214","38.92117",2010-06-09,"transect"
"10855","-77.06689","38.90686",2019-11-28,"transect"
"1399","-77.01656","38.94978",2010-02-09,"transect"
"2751","-77.03526","38.94336",2010-12-19,"transect"
"2589","-77.03401","38.94433",2019-01-17,"thirdtransect"
"4277","-77.00752","38.93633",2011-08-16,"transect"
"9061","-77.04056","38.91547",2013-12-24,"transect"
"9623","-77.05162","38.91353",2014-05-17,"transect"
"8945","-77.03978","38.91584",2020-01-26,"transect"
"2018","-77.00814","38.94748",2014-03-26,"transect"
"7326","-77.03136","38.9236",2019-04-23,"transect"
"97","-77.02264","38.95693",2012-09-03,"transect"
"7577","-77.04928","38.92238",2018-06-08,"transect"
"572","-77.01515","38.95245",2012-11-10,"transect"
"2664","-77.00939","38.94396",2017-07-17,"transect"
"4114","-77.04196","38.93681",2018-08-12,"transect"
"11221","-77.02404","38.90553",2016-03-25,"transect"
"2921","-77.00892","38.94251",2014-03-25,"transect"
"4721","-77.03401","38.93414",2014-02-02,"Transect"
"8456","-77.05271","38.91802",2012-01-30,"transect"
"4142","-77.01609","38.93681",2017-09-12,"transect"
"7985","-77.05349","38.92032",2015-04-27,"transect"
"9251","-77.03464","38.91487",2018-08-21,"transect"
"2374","-77.00908","38.94578",2013-03-03,"Transect"
"9439","-77.03962","38.91426",2016-12-13,"Transect4"
"8180","-77.03354","38.91947",2011-03-23,"transect"
"1633","-77.00767","38.94893",2019-11-22,"transect"
"2101","-77.0203","38.94699",2014-04-13,"transect"
"11805","-77.02965","38.90322",2013-01-07,"transect"
"9000","-77.03915","38.91572",2016-01-22,"transect"
"7242","-77.04554","38.92384",2011-12-16,"transect"
"9841","-77.06019","38.91232",2013-09-07,"transect"
"6167","-77.0376","38.92845",2020-03-17,"transect"
"3390","-77.01484","38.94033",2012-05-10,"transect"
"7372","-77.04367","38.92335",2014-12-16,"transect"
"2289","-77.01313","38.94614",2019-09-02,"transect"
"3513","-77.01952","38.93948",2019-03-30,"transect"
"9392","-77.04866","38.91438",2010-02-08,"transect"
"2138","-77.01702","38.94687",2015-07-04,"transect"
"8156","-77.04928","38.9196",2012-02-10,"transect"
"1420","-77.00767","38.94978",2015-04-10,"Transect5"
"7111","-77.04648","38.92445",2019-10-10,"transect"
"966","-77.01734","38.95111",2010-10-01,"transect"
"6691","-77.00861","38.92638",2019-08-11,"transect"
"7539","-77.0418","38.92263",2011-11-07,"transect"
"8828","-77.03136","38.9162",2019-10-06,"transect"
"9655","-77.03089","38.91341",2014-12-27,"transect"
"7937","-77.04025","38.92057",2010-03-08,"transect"
"7439","-77.02606","38.92311",2011-12-13,"thirdtransect"
"4658","-77.04118","38.93451",2015-02-07,"transect"
"7546","-77.01282","38.92263",2014-04-25,"transect"
"11157","-77.01796","38.90589",2012-01-16,"transect"
"3344","-77.01889","38.94057",2013-12-19,"transect"
"9945","-77.03666","38.91183",2011-08-10,"transect"
"4054","-77.02451","38.93705",2012-06-25,"transect"
"297","-77.01095","38.95426",2015-11-20,"Transect4"
"1360","-77.0164","38.9499",2017-08-30,"transect"
"4124","-77.03136","38.93681",2019-06-16,"transect"
"4953","-77.01812","38.9333",2014-05-21,"transect"
"8321","-77.05365","38.91863",2014-03-01,"transect"
"10621","-77.06752","38.90783",2017-01-17,"transects"
"5993","-77.00814","38.92929",2012-10-03,"transect"
"11586","-77.03604","38.90407",2014-11-23,"Transect4"
"5854","-77.02887","38.9299",2014-09-03,"transect3"
"7915","-77.02653","38.92069",2013-01-06,"transect"
"556","-77.01547","38.95257",2014-04-19,"transect"
"7897","-77.05178","38.92069",2015-09-15,"second_transect"
"2742","-77.01282","38.94348",2014-12-03,"transect"
"7684","-77.03261","38.9219",2013-11-02,"transect"
"3879","-77.02825","38.9379",2019-07-21,"transect"
"243","-77.01749","38.95511",2013-05-20,"transect"
"6384","-77.04149","38.9276",2017-10-09,"Transect1"
"8462","-77.04944","38.91802",2018-04-14,"thirdtransect"
"4442","-77.00752","38.93572",2010-03-03,"transect"
"8816","-77.05599","38.9162",2018-06-07,"transect"
"647","-77.00549","38.9522",2010-10-03,"transect4"
"8978","-77.04508","38.91572",2012-02-01,"transect"
"680","-77.01344","38.95208",2012-08-08,"transect"
"9955","-77.06128","38.91171",2012-12-31,"transect"
"11767","-77.03043","38.90335",2018-02-03,"transect"
"4363","-77.02902","38.93596",2016-07-05,"transect"
"10630","-77.03588","38.90783",2017-05-09,"transect"
"11312","-77.00534","38.90529",2018-01-16,"transect"
"4310","-77.04258","38.93608",2017-06-09,"transect_2"
"3714","-77.0404","38.93839",2014-08-06,"transect"
"4422","-77.0323","38.93572",2012-11-03,"transect"
"2556","-77.01515","38.94457",2011-06-11,"Transect"
"6833","-77.04289","38.92566",2017-10-27,"transect"
"7652","-77.04305","38.92202",2011-11-26,"transect"
"11190","-77.00705","38.90577",2011-07-05,"transect"
"10495","-77.03495","38.90868",2013-06-13,"Transect2"
"11526","-77.02404","38.90444",2015-11-22,"transect"
"2223","-77.01064","38.94651",2012-06-04,"transect"
"6432","-77.03479","38.92748",2016-03-18,"transect"
"7510","-77.04196","38.92275",2014-07-07,"transect"
"4119","-77.03697","38.93681",2018-11-27,"transect"
"9987","-77.05988","38.91159",2013-07-19,"transect"
"2678","-77.01032","38.94384",2016-10-29,"transect"
"4874","-77.02497","38.93354",2012-02-28,"transect"
"994","-77.00378","38.95111",2011-05-04,"transect"
"5894","-77.04695","38.92966",2013-01-29,"transect"
"2567","-77.00939","38.94457",2012-01-27,"transect"
"11468","-77.03012","38.90456",2018-02-25,"transect"
"6571","-77.05022","38.92687",2014-05-06,"transect"
"117","-77.01515","38.95693",2020-04-02,"transect"
"8045","-77.05412","38.92008",2013-07-05,"transect"
"11112","-77.00814","38.90614",2018-04-11,"transect"
"8032","-77.03245","38.9202",2018-06-24,"transect"
"10918","-77.01344","38.90674",2017-06-20,"transect"
"1549","-77.02076","38.94917",2010-01-06,"transect"
"8447","-77.01921","38.91814",2012-06-27,"transect"
"6955","-77.04554","38.92505",2019-06-07,"Transect"
"3478","-77.03526","38.93972",2013-03-28,"transect"
"686","-77.00627","38.95208",2010-05-12,"transect"
"5807","-77.02154","38.93014",2015-08-21,"transect"
"5556","-77.0418","38.93123",2012-02-04,"transect"
"2318","-77.01734","38.94602",2014-10-11,"transect"
"6539","-77.02201","38.92711",2016-02-18,"transect"
"8461","-77.0496","38.91802",2010-05-13,"Transect1"
"10181","-77.0616","38.91062",2013-04-07,"transect"
"4815","-77.01297","38.93378",2013-12-27,"transect"
"5946","-77.0443","38.92942",2011-03-15,"transect"
"7728","-77.05334","38.92166",2010-06-15,"transect"
"10317","-77.0256","38.90989",2014-12-28,"transect3"
"8075","-77.0538","38.91996",2013-02-07,"transect"
"7606","-77.04258","38.92226",2016-03-16,"transect"
"5307","-77.03012","38.9322",2011-12-20,"transect"
"5616","-77.00767","38.93111",2013-08-16,"transect"
"300","-77.02606","38.95414",2019-07-04,"transect"
"8571","-77.05567","38.91741",2014-05-22,"transect"
"7579","-77.04648","38.92238",2014-10-21,"transect"
"2501","-77.02014","38.94469",2015-02-25,"transect"
"10904","-77.01812","38.90674",2018-10-26,"transect"
"4411","-77.01266","38.93584",2018-01-17,"transect"
"7043","-77.01017","38.92481",2017-09-26,"transect"
"10651","-77.06534","38.90771",2019-07-07,"transect"
"4985","-77.0256","38.93317",2019-04-27,"Transect1"
"7219","-77.0443","38.92396",2020-03-05,"transect"
"5137","-77.02061","38.93269",2010-11-26,"transect"
"9558","-77.03947","38.9139",2014-08-17,"transect"
"3589","-77.03495","38.93899",2015-11-29,"transect"
"733","-77.02653","38.95184",2016-03-15,"transect"
"8251","-77.05318","38.91899",2011-07-04,"first_transect"
"6496","-77.0351","38.92723",2015-01-14,"transect"
"2617","-77.01469","38.9442",2013-01-08,"transect"
"3018","-77.01173","38.94202",2019-02-06,"transect"
"6351","-77.03962","38.92772",2011-08-24,"transect"
"11630","-77.03651","38.90395",2019-10-13,"Transect"
"7756","-77.04648","38.92154",2018-05-13,"transect"
"1934","-77.01578","38.94784",2010-11-07,"transect"
"6457","-77.03775","38.92735",2017-03-27,"transect"
"1271","-77.00643","38.95026",2018-05-12,"transect"
"6257","-77.04944","38.92808",2020-03-22,"transect"
"2975","-77.02825","38.94214",2020-01-09,"Transect1"
"4110","-77.01126","38.93693",2014-05-24,"transect"
"10686","-77.02217","38.90759",2018-10-09,"transect"
"10538","-77.06767","38.90832",2012-01-06,"transect"
"8928","-77.04352","38.91584",2014-11-02,"transect"
"3004","-77.02092","38.94202",2018-03-07,"Transect1"
"6493","-77.03557","38.92723",2011-09-17,"transect"
"5927","-77.02528","38.92954",2013-10-24,"transect"
"4519","-77.03167","38.93536",2012-06-16,"transect"
"2784","-77.00908","38.94324",2017-10-02,"transect"
"7818","-77.05006","38.92117",2010-11-22,"transect"
"6452","-77.04196","38.92735",2012-10-02,"transect"
"3639","-77.03978","38.93875",2012-03-27,"transect"
"3010","-77.01406","38.94202",2016-12-26,"transect"
"8253","-77.05115","38.91899",2015-02-15,"transect"
"11808","-77.02856","38.90322",2015-10-24,"transect"
"7904","-77.04508","38.92069",2017-06-30,"transect"
"11534","-77.00331","38.90444",2019-02-16,"transect"
"3363","-77.01905","38.94045",2014-11-04,"transect"
"6936","-77.03978","38.92517",2019-07-13,"transect"
"11675","-77.03339","38.90383",2013-11-13,"transect"
"9321","-77.03432","38.91462",2020-04-21,"transect"
"10354","-77.06612","38.90953",2017-09-17,"transects"
"583","-77.00128","38.95245",2011-07-11,"transect"
"11514","-77.02918","38.90444",2015-10-26,"Transect3"
"5408","-77.01905","38.93184",2010-03-04,"transect"
"2258","-77.01687","38.94627",2012-01-25,"transect"
"2326","-77.01079","38.94602",2014-07-02,"transect"
"7909","-77.03978","38.92069",2014-08-21,"transect"
"5464","-77.02123","38.9316",2015-12-31,"transect"
"2087","-77.02809","38.94699",2010-04-05,"transect"
"7054","-77.04321","38.92469",2016-07-30,"TRANSECT"
"614","-77.00238","38.95233",2018-03-25,"transect"
"10395","-77.06487","38.90929",2014-06-18,"transect"
"6990","-77.04289","38.92493",2016-12-17,"transect_2"
"10793","-77.06658","38.90711",2017-08-08,"transect"
"3764","-77.02108","38.93827",2018-07-28,"transect"
"6313","-77.0111","38.92796",2014-08-01,"transect"
"9149","-77.05848","38.91511",2015-05-04,"transect"
"7891","-77.01391","38.92081",2019-11-10,"transect"
"7022","-77.04305","38.92481",2015-02-09,"transect"
"2988","-77.00877","38.94214",2019-03-14,"transect"
"1230","-77.02388","38.95026",2011-05-22,"transect"
"5289","-77.00799","38.93233",2019-08-08,"transect"
"9101","-77.03697","38.91535",2013-12-01,"transect"
"8895","-77.03682","38.91596",2019-01-29,"transect"
"9200","-77.04679","38.91499",2018-02-24,"transect"
"9686","-77.05848","38.91317",2017-04-04,"transect"
"7870","-77.0538","38.92081",2017-07-02,"transect"
"8101","-77.05193","38.91984",2012-05-07,"transect"
"10684","-77.02248","38.90759",2018-09-10,"transect"
"9084","-77.05536","38.91535",2010-09-27,"transect"
"10345","-77.03682","38.90965",2019-11-05,"transect"
"5822","-77.03682","38.93002",2011-01-03,"transect"
"11798","-77.03199","38.90322",2012-09-06,"transect"
"8029","-77.03308","38.9202",2017-07-31,"transect"
"11685","-77.02201","38.90383",2017-04-14,"transect"
"9797","-77.06035","38.91256",2010-09-04,"transect"
"1314","-77.0284","38.95002",2015-06-19,"transect"
"11360","-77.02762","38.90504",2016-01-05,"transect"
"173","-77.02404","38.95608",2012-11-17,"transect"
"80","-77.01562","38.95717",2020-01-14,"transect"
"11281","-77.02606","38.90529",2017-04-02,"Transect"
"8202","-77.0323","38.91935",2018-05-31,"transect"
"9253","-77.027","38.91487",2010-03-20,"transect"
"5874","-77.03869","38.92978",2015-11-06,"transect"
"8471","-77.0178","38.91802",2017-05-04,"transect"
"1695","-77.01687","38.94869",2018-05-10,"transect"
"7366","-77.04944","38.92335",2012-04-13,"transect"
"5193","-77.01656","38.93257",2012-02-09,"Transect2"
"7315","-77.03806","38.9236",2015-11-15,"transect"
"8913","-77.05458","38.91584",2017-07-03,"transect"
"10823","-77.06689","38.90698",2010-05-07,"transect"
"4707","-77.01531","38.93426",2018-05-09,"transect"
"7722","-77.01313","38.92178",2011-12-12,"Transect"
"7162","-77.01064","38.92432",2012-02-16,"transect"
"10368","-77.02684","38.90953",2018-08-01,"transect"
"8643","-77.05147","38.91717",2015-06-15,"transect"
"3059","-77.03308","38.94178",2012-07-23,"transect"
"1057","-77.00861","38.95087",2015-02-08,"transect"
"4933","-77.04352","38.9333",2016-07-17,"transect"
"857","-77.00705","38.95148",2014-04-28,"transect"
"5207","-77.04445","38.93245",2015-12-23,"Transect"
"7360","-77.01734","38.92348",2015-02-22,"transect"
"9072","-77.02482","38.91547",2013-04-17,"transect"
"1017","-77.01531","38.95099",2017-09-15,"transect"
"11624","-77.03806","38.90395",2015-02-06,"transect"
"5633","-77.02045","38.93099",2013-01-30,"transect"
"8543","-77.01858","38.91766",2011-04-14,"transect"
"11553","-77.02248","38.90432",2014-11-01,"transect"
"7000","-77.03292","38.92493",2014-03-06,"transect"
"664","-77.00082","38.9522",2013-12-04,"transect"
"2707","-77.02014","38.9436",2018-02-08,"transect"
"10713","-77.02435","38.90747",2012-12-09,"transect"
"5935","-77.02108","38.92954",2016-05-30,"transect"
"1408","-77.01469","38.94978",2016-11-19,"transect"
"7847","-77.02388","38.92105",2020-02-29,"transect"
"861","-77.00627","38.95148",2013-03-13,"transect"
"6772","-77.00877","38.92602",2018-02-19,"transect"
"7716","-77.03136","38.92178",2010-02-04,"transect"
"9822","-77.05895","38.91244",2017-10-24,"transect"
"3687","-77.04009","38.93851",2017-01-18,"transect"
"1225","-77.02949","38.95026",2010-05-29,"transect"
"10613","-77.02513","38.90795",2011-03-08,"transect"
"11755","-77.03448","38.90335",2019-11-18,"Transect4"
"3193","-77.02341","38.9413",2011-04-10,"transect"
"7200","-77.03947","38.92408",2018-01-14,"transect"
"4373","-77.0164","38.93596",2010-09-07,"transect"
"10814","-77.01406","38.90711",2016-01-06,"transect4"
"7150","-77.03541","38.92432",2019-07-08,"transect"
"8094","-77.015","38.91996",2017-03-18,"transect"
"8312","-77.01671","38.91875",2013-09-08,"thirdtransect"
"2240","-77.01313","38.94639",2011-01-05,"transect"
"6050","-77.03947","38.92893",2017-01-08,"transect"
"2602","-77.0111","38.94433",2017-04-26,"transect"
"3553","-77.01952","38.93924",2016-02-07,"Transect"
"615","-77.00222","38.95233",2012-03-28,"transect"
"10168","-77.02809","38.91074",2017-08-13,"transect"
"3360","-77.03354","38.94045",2015-04-14,"transect"
"8305","-77.03744","38.91875",2014-10-01,"transect"
"4645","-77.02373","38.93463",2019-08-29,"transect"
"8825","-77.03635","38.9162",2010-06-22,"transect"
"4698","-77.03308","38.93426",2012-07-15,"transect"
"6578","-77.03838","38.92687",2013-03-16,"transect "
"3340","-77.03308","38.94057",2015-06-13,"transect"
"4951","-77.02404","38.9333",2016-01-18,"transect"
"3467","-77.0164","38.93984",2017-04-10,"transect"
"1922","-77.02949","38.94784",2011-07-23,"transect"
"3381","-77.01936","38.94033",2010-02-26,"transect4"
"4333","-77.01952","38.93608",2014-04-18,"transect"
"10160","-77.06082","38.91074",2015-11-03,"transect"
"4566","-77.01173","38.93511",2016-03-21,"transect"
"1611","-77.01999","38.94893",2011-08-09,"transect"
"10618","-77.0683","38.90783",2014-02-06,"transect"
"6555","-77.03713","38.92699",2018-01-08,"transect"
"3281","-77.0083","38.94093",2019-05-23,"transect"
"11682","-77.02248","38.90383",2013-09-13,"thirdtransect"
"6265","-77.03417","38.92808",2012-10-13,"transect"
"10924","-77.06845","38.90662",2010-08-21,"transect"
"9030","-77.04539","38.91559",2014-06-23,"transect"
"2283","-77.01702","38.94614",2012-08-13,"transect"
"1865","-77.01578","38.94808",2013-08-02,"transect"
"7333","-77.02201","38.9236",2010-08-20,"transect"
"1648","-77.01702","38.94881",2011-05-05,"transect"
"10622","-77.06705","38.90783",2018-03-31,"transect "
"6637","-77.0256","38.92663",2015-09-22,"transect"
"10157","-77.06144","38.91074",2013-03-07,"transect"
"1083","-77.00986","38.95075",2015-09-12,"transect"
"2255","-77.02715","38.94627",2018-10-18,"transect"
"5890","-77.00799","38.92978",2011-08-07,"transect"
"4619","-77.03869","38.93475",2016-10-04,"transect"
"9980","-77.06222","38.91159",2019-03-13,"transect"
"7793","-77.05365","38.92129",2015-02-02,"transect"
"3592","-77.02341","38.93899",2011-09-20,"transect"
"10609","-77.03588","38.90795",2017-06-11,"transect"
"5731","-77.03651","38.93051",2013-11-19,"transect"
"7367","-77.04804","38.92335",2017-10-30,"transect"
"8568","-77.01874","38.91753",2013-01-05,"transect"
"6068","-77.04523","38.92881",2010-07-30,"transect"
"2610","-77.03276","38.9442",2011-06-20,"transect"
"5397","-77.04243","38.93184",2015-10-03,"transect"
"8971","-77.05458","38.91572",2016-08-21,"transect"
"10386","-77.02684","38.90941",2012-04-03,"transect"
"2864","-77.0164","38.94275",2018-07-23,"transect"
"6759","-77.02684","38.92602",2018-11-07,"transect"
"211","-77.01235","38.95548",2013-12-25,"transect"
"3852","-77.01734","38.93802",2011-10-24,"transect"
"11529","-77.02326","38.90444",2011-09-16,"transect"
"10277","-77.02731","38.91014",2018-03-04,"transect"
"10326","-77.06191","38.90977",2013-05-31,"transect"
"3702","-77.01625","38.93851",2013-11-18,"transect"
"3009","-77.01578","38.94202",2011-09-01,"transect"
"11721","-77.02684","38.90359",2013-08-27,"transect"
"6673","-77.04367","38.92638",2016-08-29,"transect"
"1878","-77.01328","38.94808",2010-10-30,"Transect"
"8680","-77.01999","38.91705",2011-11-21,"transect"
"7195","-77.04414","38.92408",2010-02-23,"transect"
"754","-77.00658","38.95184",2012-11-05,"transect"
"10943","-77.01952","38.90662",2013-04-23,"first_transect"
"9334","-77.05817","38.9145",2010-03-14,"transect"
"8433","-77.04726","38.91814",2016-10-19,"transect"
"8572","-77.05521","38.91741",2017-05-14,"transect"
"7780","-77.04523","38.92141",2010-03-21,"transect"
"2608","-77.03417","38.9442",2010-07-31,"transect1"
"1910","-77.01406","38.94796",2020-01-25,"transect"
"5097","-77.01297","38.93281",2019-06-05,"transect"
"6537","-77.02497","38.92711",2010-03-06,"transect"
"4751","-77.02435","38.93402",2015-06-09,"transect"
"8230","-77.05287","38.91911",2011-03-20,"transect"
"3802","-77.02139","38.93814",2016-01-23,"transect"
"401","-77.00487","38.95305",2015-12-09,"transect"
"628","-77.02809","38.9522",2011-04-05,"transect"
"3269","-77.03058","38.94093",2019-07-28,"transect"
"2540","-77.01921","38.94457",2016-07-26,"transect"
"4821","-77.04149","38.93366",2016-09-03,"transect"
"5527","-77.02918","38.93136",2014-05-07,"transect"
"5099","-77.01173","38.93281",2017-08-09,"transect"
"8093","-77.02684","38.91996",2018-01-22,"transect"
"9305","-77.05614","38.91462",2011-07-20,"transect"
"11545","-77.02466","38.90432",2012-10-28,"transect"
"542","-77.01453","38.95269",2013-01-22,"transect"
"1899","-77.02357","38.94796",2010-02-09,"transect"
"3984","-77.00736","38.93754",2017-10-17,"transect"
"5877","-77.03105","38.92978",2020-03-03,"transect"
"5639","-77.01235","38.93099",2011-06-25,"transect"
"5870","-77.04819","38.92978",2019-06-22,"transect"
"6461","-77.03588","38.92735",2014-08-03,"transect"
"10702","-77.06674","38.90747",2010-05-18,"transect"
"9355","-77.03417","38.9145",2015-10-17,"transect"
"9846","-77.05521","38.91232",2017-11-21,"transect3"
"8358","-77.03884","38.9185",2019-01-26,"transect"
"531","-77.00019","38.95281",2019-04-07,"transect"
"465","-77.00565","38.95293",2014-11-29,"transect1"
"10207","-77.0616","38.9105",2016-10-18,"transect"
"6097","-77.0376","38.92869",2015-05-08,"transect"
"536","-77.01983","38.95269",2018-06-08,"transect"
"9367","-77.0323","38.9145",2010-05-24,"transect"
"9045","-77.05739","38.91547",2018-08-19,"transect"
"2438","-77.00954","38.9453",2015-04-20,"transect"
"10581","-77.06658","38.90808",2014-04-01,"transect"
"10656","-77.02482","38.90771",2012-04-02,"first_transect"
"9573","-77.05723","38.91377",2010-02-10,"transect"
"2302","-77.03183","38.94602",2010-04-01,"transect"
"4007","-77.03354","38.9373",2018-07-26,"transect"
"3035","-77.01936","38.9419",2013-01-07,"transect"
"4267","-77.02154","38.93633",2017-04-28,"transect"
"7588","-77.03121","38.92238",2017-05-25,"transect"
"6771","-77.00892","38.92602",2014-01-25,"transect"
"7214","-77.05271","38.92396",2017-11-13,"transect"
"9028","-77.0457","38.91559",2012-07-30,"transect"
"5727","-77.04726","38.93051",2011-06-06,"transect"
"1641","-77.02123","38.94881",2012-12-02,"transect"
"4791","-77.04321","38.93378",2018-11-05,"transect"
"3731","-77.01999","38.93839",2014-11-12,"transect"
"3186","-77.03058","38.9413",2015-01-25,"transect_2"
"11265","-77.00596","38.90541",2017-04-18,"transect"
"3791","-77.03651","38.93814",2019-04-18,"transect"
"5018","-77.02887","38.93305",2012-02-10,"transect"
"11629","-77.03666","38.90395",2017-04-07,"transect"
"8487","-77.02918","38.9179",2014-05-23,"transect4"
"3448","-77.01936","38.93996",2017-03-26,"transect"
"7201","-77.03775","38.92408",2019-06-02,"transect"
"3384","-77.01889","38.94033",2014-07-19,"transect"
"9871","-77.05521","38.9122",2015-04-22,"transect"
"2616","-77.01827","38.9442",2018-01-20,"transect"
"573","-77.015","38.95245",2015-02-07,"transect"
"7542","-77.03697","38.92263",2019-08-21,"transect"
"4289","-77.03027","38.9362",2016-05-10,"transect"
"6150","-77.01328","38.92857",2014-08-25,"transect"
"4211","-77.00752","38.93657",2012-07-02,"transect"
"11272","-77.02747","38.90529",2016-08-01,"transect"
"3051","-77.00861","38.9419",2010-10-05,"transect"
"11178","-77.03308","38.90577",2018-11-23,"transect1"
"9074","-77.02451","38.91547",2019-02-10,"transect"
"3912","-77.02669","38.93778",2015-01-26,"transect"
"4040","-77.0418","38.93705",2015-08-29,"transect"
"5989","-77.01687","38.92929",2012-10-19,"transect"
"6877","-77.05162","38.92541",2013-10-19,"transect"
"1192","-77.01812","38.95039",2010-11-10,"transect"
"10818","-77.06908","38.90698",2013-11-02,"transect"
"9189","-77.05661","38.91499",2019-06-23,"transect"
"11678","-77.0256","38.90383",2012-05-01,"transect"
"8754","-77.05489","38.91656",2017-03-14,"transect"
"419","-77.00206","38.95305",2017-12-10,"transect"
"11495","-77.03448","38.90444",2011-07-13,"transect"
"1830","-77.01687","38.9482",2016-07-05,"transect"
"2274","-77.02871","38.94614",2013-07-12,"transect"
"4011","-77.02684","38.9373",2014-12-14,"transect"
"6183","-77.01406","38.92845",2014-01-27,"transect"
"6239","-77.02248","38.9282",2012-12-22,"transect"
"9922","-77.03682","38.91196",2014-10-14,"transect"
"10649","-77.06565","38.90771",2016-11-25,"transect"
"9405","-77.03261","38.91438",2011-06-11,"transect"
"11789","-77.03495","38.90322",2015-09-02,"transect"
"5476","-77.04632","38.93148",2013-08-13,"transect"
"10158","-77.06128","38.91074",2013-10-23,"transect"
"10151","-77.0644","38.91074",2014-07-06,"transect"
"5286","-77.01095","38.93233",2014-09-12,"transect"
"8229","-77.05412","38.91911",2011-09-19,"transect"
"7236","-77.01064","38.92396",2017-03-03,"transect"
"10729","-77.06892","38.90735",2011-03-01,"transect"
"643","-77.00643","38.9522",2012-05-11,"transect"
"11282","-77.02591","38.90529",2014-08-09,"transect"
"1598","-77.00783","38.94905",2017-02-15,"transect"
"1670","-77.02326","38.94869",2018-11-25,"transect"
"6238","-77.02295","38.9282",2017-03-22,"transect"
"5153","-77.04508","38.93257",2010-12-15,"transect"
"8929","-77.04336","38.91584",2018-09-18,"transect"
"9219","-77.05879","38.91487",2015-02-20,"transect"
"11571","-77.02388","38.90419",2011-04-13,"thirdtransect"
"3447","-77.01952","38.93996",2018-05-19,"transect"
"4897","-77.04134","38.93342",2014-04-29,"Transect4"
"5138","-77.02045","38.93269",2020-04-02,"transect"
"4941","-77.0323","38.9333",2020-03-23,"transect"
"2676","-77.01313","38.94384",2013-09-28,"transect"
"9352","-77.0376","38.9145",2015-02-12,"transect"
"8713","-77.05225","38.91681",2013-09-14,"transect"
"4443","-77.00736","38.93572",2015-04-26,"transect"
"1066","-77.02357","38.95075",2014-08-20,"transect"
"2866","-77.01219","38.94275",2016-05-29,"transect"
"10097","-77.02871","38.91111",2018-07-17,"transect"
"2359","-77.03121","38.94578",2018-11-17,"transect"
"5789","-77.04788","38.93014",2012-06-27,"transect"
"5400","-77.03526","38.93184",2018-02-23,"Transect2"
"8729","-77.05661","38.91669",2017-08-04,"transect"
"6531","-77.0337","38.92711",2012-02-29,"transect"
"8178","-77.03993","38.91947",2014-10-11,"transect"
"2741","-77.01531","38.94348",2011-03-15,"transect"
"9792","-77.0284","38.91268",2015-09-23,"transect"
"5251","-77.04523","38.93233",2018-10-05,"transect"
"8193","-77.05069","38.91935",2016-03-28,"transect"
"9837","-77.06175","38.91232",2015-11-04,"transect"
"7342","-77.05318","38.92348",2011-07-15,"transect"
"5749","-77.0457","38.93039",2015-11-08,"transect"
"6677","-77.039","38.92638",2018-10-17,"transect"
"8578","-77.05084","38.91741",2015-01-05,"transect"
"4594","-77.04274","38.93487",2014-07-29,"transect"
"407","-77.00393","38.95305",2013-10-22,"transect1"
"10351","-77.0256","38.90965",2017-02-02,"transect"
"8551","-77.05115","38.91753",2013-04-27,"transect"
"8634","-77.01936","38.91729",2019-02-26,"transect"
"4766","-77.03728","38.9339",2019-03-27,"transect"
"8187","-77.01531","38.91947",2014-12-05,"transect"
"463","-77.00596","38.95293",2018-06-16,"transect"
"6839","-77.03775","38.92566",2016-02-12,"transect"
"7752","-77.05069","38.92154",2012-03-11,"transect"
"3163","-77.01858","38.94142",2017-01-07,"transect"
"11632","-77.03619","38.90395",2015-12-20,"transect"
"1222","-77.00612","38.95039",2012-10-06,"transects"
"7085","-77.04196","38.92457",2020-03-12,"transect"
"10727","-77.01438","38.90747",2014-08-17,"transect"
"10460","-77.02591","38.90892",2019-01-04,"transect"
"3614","-77.03806","38.93887",2013-02-10,"transect"
"6073","-77.0323","38.92881",2018-12-20,"transect"
"3058","-77.03432","38.94178",2020-04-03,"transect"
"8406","-77.03838","38.91826",2015-01-14,"transect"
"4361","-77.03074","38.93596",2012-09-25,"transect"
"9968","-77.03791","38.91171",2012-03-10,"transect"
"9690","-77.05334","38.91317",2013-03-12,"transect"
"10144","-77.0284","38.91086",2013-02-12,"transect"
"4246","-77.00736","38.93645",2012-09-19,"transect"
"2160","-77.015","38.94675",2014-05-16,"Transect"
"5458","-77.03105","38.9316",2017-06-14,"transect"
"10704","-77.06612","38.90747",2016-03-22,"transect"
"11065","-77.06767","38.90626",2013-07-18,"transect"
"8207","-77.05443","38.91923",2020-01-19,"transect"
"32","-77.01936","38.95742",2020-03-22,"transect"
"7589","-77.02154","38.92238",2011-01-13,"transect"
"8696","-77.02934","38.91693",2019-03-09,"transect"
"4923","-77.01375","38.93342",2012-01-06,"transect"
"1511","-77.02419","38.9493",2017-03-31,"transect"
"3172","-77.01266","38.94142",2011-05-11,"transect"
"11111","-77.01406","38.90614",2015-09-25,"transect"
"5098","-77.01266","38.93281",2014-01-01,"transect"
"7263","-77.01718","38.92384",2016-06-24,"Transect3"
"5310","-77.02762","38.9322",2018-09-29,"transect"
"10785","-77.01406","38.90723",2016-04-06,"transect"
"3308","-77.03308","38.94069",2014-05-01,"transect"
"8554","-77.05053","38.91753",2018-03-07,"transect"
"4513","-77.04289","38.93536",2018-07-22,"transect"
"9412","-77.03152","38.91438",2018-12-02,"transect"
"11546","-77.02419","38.90432",2017-07-07,"transect"
"10790","-77.06721","38.90711",2019-08-05,"transect "
"1297","-77.01469","38.95014",2016-10-03,"transect"
"7602","-77.04539","38.92226",2016-04-14,"transect"
"158","-77.01406","38.95645",2016-12-26,"Transect3"
"1802","-77.01578","38.94833",2015-12-16,"transect"
"2857","-77.03432","38.94275",2012-01-29,"transect"
"3417","-77.0083","38.9402",2015-09-20,"transect"
"10591","-77.02528","38.90808",2012-11-19,"transect"
"10603","-77.0658","38.90795",2010-07-06,"transect"
"3373","-77.00814","38.94045",2017-06-21,"transect"
"6329","-77.03479","38.92784",2019-02-16,"transect"
"9291","-77.02715","38.91474",2020-04-08,"transect"
"10777","-77.02201","38.90723",2010-11-03,"transect"
"768","-77.02809","38.95172",2014-05-13,"transect"
"10828","-77.03386","38.90698",2016-05-11,"transect"
"7260","-77.01765","38.92384",2013-05-30,"transect"
"11530","-77.02279","38.90444",2016-07-27,"transect"
"10910","-77.01515","38.90674",2015-04-24,"transect"
"11301","-77.02061","38.90529",2015-03-18,"transect"
"2164","-77.01095","38.94675",2017-02-17,"transect"
"10398","-77.06284","38.90929",2019-09-16,"transect"
"3323","-77.01282","38.94069",2014-05-20,"transect"
"6618","-77.04913","38.92663",2018-02-22,"transect"
"1165","-77.01422","38.95051",2019-11-11,"transect"
"6627","-77.03775","38.92663",2019-01-01,"transect"
"1138","-77.02528","38.95051",2010-02-12,"transect"
"6361","-77.03386","38.92772",2015-07-16,"transect"
"8693","-77.04819","38.91693",2016-11-02,"transect"
"10601","-77.06674","38.90795",2018-12-04,"transect"
"11513","-77.02934","38.90444",2013-02-23,"transect"
"9548","-77.05115","38.9139",2016-11-04,"first_transect"
"4325","-77.02887","38.93608",2016-04-25,"transect"
"5234","-77.0203","38.93245",2018-07-20,"transect"
"430","-77.01905","38.95293",2017-08-26,"transect"
"9041","-77.02435","38.91559",2010-06-01,"transect"
"8979","-77.04492","38.91572",2012-09-28,"transect"
"1734","-77.01453","38.94857",2019-04-08,"transect"
"5058","-77.015","38.93293",2010-04-24,"transect"
"58","-77.01874","38.95729",2013-07-21,"transect"
"616","-77.00206","38.95233",2016-05-18,"transect"
"10742","-77.03401","38.90735",2012-06-15,"transect"
"2380","-77.02388","38.94566",2010-09-05,"transect"
"8692","-77.04835","38.91693",2018-04-22,"Transect1"
"207","-77.01438","38.95548",2015-04-15,"transect"
"2800","-77.00986","38.94311",2015-06-19,"transect"
"4794","-77.03728","38.93378",2019-10-19,"transect1"
"7817","-77.05115","38.92117",2016-01-30,"Transect1"
"1429","-77.0178","38.94966",2011-09-22,"transect"
"5297","-77.04383","38.9322",2012-02-23,"transect"
"4254","-77.03432","38.93633",2015-05-18,"transect"
"6142","-77.02357","38.92857",2019-12-14,"transect"
"10964","-77.0136","38.90662",2012-09-01,"transect"
"8574","-77.05287","38.91741",2015-11-06,"transect"
"5883","-77.027","38.92978",2017-01-30,"transect"
"6465","-77.03495","38.92735",2013-07-27,"transect"
"3689","-77.03915","38.93851",2018-11-22,"transect"
"10719","-77.01625","38.90747",2012-12-30,"transect "
"1495","-77.01515","38.94942",2010-07-10,"transect"
"4351","-77.04258","38.93596",2016-02-15,"transect"
"11399","-77.0044","38.90492",2016-05-06,"transect"
"516","-77.00627","38.95281",2010-07-04,"transect"
"8786","-77.0217","38.91644",2011-09-27,"transect"
"4829","-77.02965","38.93366",2015-11-15,"transect"
"4313","-77.04149","38.93608",2012-08-16,"transect"
"9571","-77.05786","38.91377",2012-07-05,"transect"
"10714","-77.02232","38.90747",2015-04-28,"transect"
"8845","-77.05614","38.91608",2018-04-04,"transect"
"2216","-77.01547","38.94651",2019-02-27,"transect"
"3165","-77.01827","38.94142",2019-03-25,"transect"
"9224","-77.05786","38.91487",2014-03-28,"transect"
"4251","-77.03947","38.93633",2018-08-23,"transect"
"6441","-77.02497","38.92748",2014-11-20,"transect"
"4898","-77.03978","38.93342",2019-12-19,"transect"
"11348","-77.02061","38.90516",2018-09-21,"transect"
"10101","-77.027","38.91111",2015-03-27,"Transect4"
"10270","-77.0616","38.91014",2012-10-11,"transect"
"6647","-77.04944","38.92651",2018-09-23,"transect"
"3946","-77.02186","38.93766",2012-04-26,"transect"
"2954","-77.0256","38.94227",2016-05-30,"transect"
"6854","-77.05115","38.92554",2016-01-28,"transect"
"2067","-77.02809","38.94711",2012-10-23,"transect"
"10252","-77.03713","38.91026",2012-01-08,"transect"
"10853","-77.06752","38.90686",2018-04-24,"transect"
"370","-77.00362","38.95317",2019-08-19,"transect"
"3531","-77.01656","38.93936",2010-02-04,"transect"
"3928","-77.01219","38.93778",2016-03-17,"transect"
"9799","-77.05957","38.91256",2017-12-07,"transect"
"1439","-77.01282","38.94966",2010-05-01,"transect"
"4014","-77.02217","38.9373",2015-09-13,"transect"
"6546","-77.05022","38.92699",2020-03-20,"transect"
"4978","-77.03401","38.93317",2019-08-06,"transect"
"905","-77.00284","38.95136",2012-02-19,"transect"
"170","-77.02341","38.9562",2012-01-18,"Transect"
"7805","-77.04399","38.92129",2018-11-04,"transect"
"3283","-77.0376","38.94081",2012-12-13,"transect"
"8703","-77.02045","38.91693",2015-10-09,"transect"
"4718","-77.03915","38.93414",2015-09-29,"transect"
"3631","-77.01515","38.93887",2015-11-30,"transect"
"7806","-77.03728","38.92129",2010-07-02,"transect"
"5729","-77.04274","38.93051",2014-06-12,"transect"
"8616","-77.051","38.91729",2019-07-01,"transect"
"3887","-77.02045","38.9379",2011-01-05,"transect"
"7960","-77.04212","38.92044",2015-02-23,"Transect3"
"9824","-77.05489","38.91244",2017-01-08,"transect"
"11725","-77.02622","38.90359",2016-11-06,"transect"
"8240","-77.03276","38.91911",2015-08-10,"transect"
"9515","-77.05988","38.91402",2016-08-11,"transect"
"1926","-77.02497","38.94784",2012-02-27,"transect"
"11768","-77.0298","38.90335",2012-11-30,"transect_2"
"6724","-77.04399","38.92614",2010-06-20,"transect"
"8046","-77.05396","38.92008",2015-05-27,"transect"
"1577","-77.02045","38.94905",2017-08-17,"transect"
"10708","-77.03557","38.90747",2016-03-06,"transect"
"9170","-77.03791","38.91511",2016-01-18,"transect"
"11420","-77.02326","38.9048",2014-04-18,"transect"
"3724","-77.02653","38.93839",2017-01-15,"transect"
"2190","-77.01266","38.94663",2011-02-02,"transect"
"450","-77.0083","38.95293",2011-06-29,"Transect5"
"3415","-77.01032","38.9402",2016-01-25,"transect"
"7364","-77.05334","38.92335",2018-04-02,"transect"
"4650","-77.00861","38.93463",2011-10-14,"transect"
"10936","-77.02061","38.90662",2019-03-07,"transect"
"1370","-77.01453","38.9499",2014-04-24,"transect"
"9042","-77.05817","38.91547",2017-09-29,"transect"
"4632","-77.00767","38.93475",2013-06-04,"transect"
"9447","-77.03121","38.91426",2015-09-22,"transect"
"7654","-77.04274","38.92202",2013-01-18,"transect"
"6279","-77.01375","38.92808",2011-12-14,"transect"
"1863","-77.0164","38.94808",2016-04-04,"transect"
"11344","-77.02154","38.90516",2018-04-06,"transect"
"4748","-77.03152","38.93402",2014-10-07,"transect"
"2395","-77.03245","38.94554",2012-04-05,"transect"
"7177","-77.03557","38.9242",2011-08-07,"transect"
"9950","-77.02762","38.91183",2011-12-23,"transect"
"2838","-77.01734","38.94287",2014-01-20,"transect"
"3349","-77.01328","38.94057",2018-06-13,"transect"
"6967","-77.03308","38.92505",2018-02-01,"transect"
"3426","-77.01936","38.94008",2015-01-17,"transect"
"2447","-77.02232","38.94517",2010-01-01,"transect"
"7155","-77.03043","38.92432",2020-01-28,"transect"
"132","-77.01562","38.95681",2014-03-13,"transect"
"4474","-77.01188","38.9356",2013-07-02,"transects"
"4461","-77.02248","38.9356",2014-01-22,"transect"
"10051","-77.03619","38.91135",2010-10-13,"transect"
"11054","-77.06986","38.90626",2016-02-09,"transect"
"8539","-77.02825","38.91766",2010-07-30,"transect"
"5620","-77.04476","38.93099",2013-02-25,"transect"
"10927","-77.06736","38.90662",2016-09-23,"transect"
"11136","-77.01469","38.90601",2010-12-07,"transect4"
"1791","-77.02715","38.94833",2018-07-23,"transect"
"1554","-77.01656","38.94917",2013-12-25,"Transect"
"11419","-77.02466","38.9048",2014-07-22,"transect"
"1583","-77.01765","38.94905",2010-06-21,"transect"
"10795","-77.03541","38.90711",2018-06-02,"transect"
"5005","-77.04227","38.93305",2012-07-31,"transect"
"5809","-77.01297","38.93014",2014-02-17,"Transect2"
"202","-77.01282","38.9556",2019-07-19,"transect"
"6701","-77.0418","38.92626",2011-11-21,"transect"
"6382","-77.04741","38.9276",2012-12-25,"transect"
"547","-77.0044","38.95269",2013-08-08,"transect"
"7503","-77.04866","38.92275",2011-08-15,"transect"
"2033","-77.01344","38.94736",2017-10-13,"transect"
"3385","-77.01578","38.94033",2018-06-22,"transect"
"11722","-77.02669","38.90359",2018-05-22,"transect"
"1742","-77.00986","38.94857",2016-11-18,"transect"
"8352","-77.04944","38.9185",2016-01-20,"transect"
"4946","-77.02528","38.9333",2018-10-14,"transect"
"5497","-77.02466","38.93148",2012-07-26,"transect"
"9320","-77.03448","38.91462",2016-08-07,"transect"
"6249","-77.01344","38.9282",2015-05-10,"transect"
"2674","-77.015","38.94384",2012-11-04,"transect"
"10091","-77.05957","38.91111",2010-12-21,"transect"
"4814","-77.01313","38.93378",2013-05-21,"transect"
"2696","-77.01251","38.94372",2011-11-20,"transect"
"3402","-77.03401","38.9402",2016-12-08,"transect"
"11342","-77.02186","38.90516",2020-04-19,"transect"
"5572","-77.02388","38.93123",2015-02-13,"transect"
"4150","-77.04196","38.93669",2014-08-16,"transect"
"1265","-77.01048","38.95026",2015-10-17,"transect"
"5960","-77.02357","38.92942",2017-11-21,"transect"
"3823","-77.00767","38.93814",2014-02-21,"transect"
"3421","-77.03822","38.94008",2019-01-26,"transect"
"10365","-77.03526","38.90953",2020-02-09,"TRANSECT"
"9912","-77.05957","38.91196",2012-01-07,"transect"
"9430","-77.0577","38.91426",2016-03-13,"transect"
"9166","-77.04617","38.91511",2019-11-27,"transect"
"11009","-77.01406","38.9065",2019-05-30,"transect"
"11133","-77.01765","38.90601",2019-12-11,"transect"
"3821","-77.0083","38.93814",2012-11-10,"transects"
"11139","-77.01406","38.90601",2019-04-16,"transect"
"2726","-77.01001","38.9436",2013-03-10,"transect"
"6143","-77.02217","38.92857",2017-02-06,"transect"
"4225","-77.0323","38.93645",2018-08-13,"transect"
"9804","-77.05443","38.91256",2011-04-08,"transect"
"4131","-77.02482","38.93681",2017-07-22,"transect"
"7288","-77.03105","38.92372",2018-11-01,"transect"
"5750","-77.04289","38.93039",2018-12-07,"transect"
"10502","-77.02373","38.90868",2020-01-08,"transect"
"2688","-77.01952","38.94372",2013-01-07,"transect"
"2992","-77.03557","38.94202",2019-09-14,"transect"
"2019","-77.03105","38.94736",2012-10-18,"transect"
"9112","-77.05801","38.91523",2011-05-18,"transect"
"8174","-77.04944","38.91947",2019-07-12,"Transect2"
"1606","-77.02076","38.94893",2011-06-06,"Transect1"
"9851","-77.03697","38.91232",2011-08-23,"transect"
"9199","-77.04695","38.91499",2011-10-29,"transect"
"10850","-77.06923","38.90686",2017-10-23,"transect"
"4759","-77.00783","38.93402",2012-12-23,"transect"
"1659","-77.00877","38.94881",2015-07-04,"transect"
"2224","-77.01017","38.94651",2015-04-10,"transect"
"2649","-77.03448","38.94396",2010-01-27,"transects"
"11379","-77.03276","38.90492",2015-06-02,"transect"
"688","-77.00425","38.95208",2013-06-05,"transect"
"7642","-77.0538","38.92202",2019-03-20,"transect"
"11376","-77.00456","38.90504",2017-06-25,"transect"
"2841","-77.01671","38.94287",2015-01-16,"transect"
"4360","-77.03199","38.93596",2010-10-12,"transect"
"2584","-77.01017","38.94445",2019-12-29,"transect"
"7334","-77.02186","38.9236",2013-10-02,"transect"
"2599","-77.01344","38.94433",2013-06-17,"Transect2"
"3877","-77.03323","38.9379",2012-05-06,"transect"
"486","-77.02731","38.95281",2014-03-20,"transect"
"5967","-77.01609","38.92942",2019-06-16,"transect"
"8294","-77.05489","38.91875",2019-02-10,"transect"
"5607","-77.01749","38.93111",2013-01-26,"transect"
"2246","-77.01048","38.94639",2016-11-12,"transect"
"1422","-77.0298","38.94966",2019-08-02,"transect"
"10140","-77.03744","38.91086",2015-02-16,"transect"
"1289","-77.01625","38.95014",2010-04-29,"transect"
"3257","-77.01204","38.94105",2017-02-26,"transect"
"8523","-77.0524","38.91766",2011-05-16,"transect"
"3707","-77.01048","38.93851",2013-10-19,"transect"
"1538","-77.02513","38.94917",2010-06-08,"transect_2"
"4484","-77.0404","38.93548",2016-08-13,"transect"
"5932","-77.02264","38.92954",2011-12-08,"transect"
"11398","-77.02201","38.90492",2016-09-13,"transect"
"2102","-77.02014","38.94699",2013-07-23,"transect"
"2123","-77.03121","38.94687",2010-03-31,"transect"
"10594","-77.0231","38.90808",2017-02-21,"Transect1"
"8060","-77.04009","38.92008",2013-02-08,"transect"
"4214","-77.04212","38.93645",2017-12-25,"transect"
"5776","-77.02684","38.93026",2013-10-07,"transect"
"1935","-77.01562","38.94784",2016-01-12,"transect"
"2631","-77.03432","38.94408",2019-04-30,"transect"
"5604","-77.02388","38.93111",2010-08-28,"transect"
"4577","-77.03214","38.93499",2016-07-05,"transect_2"
"9387","-77.05614","38.91438",2018-04-08,"transect4"
"3339","-77.03323","38.94057",2014-01-27,"transect"
"10677","-77.03573","38.90759",2017-06-09,"transects"
"11316","-77.03292","38.90516",2018-06-27,"transect"
"641","-77.00721","38.9522",2019-12-12,"transect"
"9278","-77.04741","38.91474",2010-02-15,"transect"
"8266","-77.01625","38.91899",2013-09-16,"transect"
"9616","-77.05817","38.91353",2012-03-31,"transect"
"6129","-77.04102","38.92857",2018-10-03,"transect"
"3115","-77.03604","38.94154",2015-04-25,"transect"
"8011","-77.05396","38.9202",2020-03-07,"transect"
"6196","-77.03728","38.92832",2017-06-18,"transect"
"10675","-77.06565","38.90759",2010-08-11,"transect"
"8332","-77.03526","38.91863",2015-02-17,"Transect"
"7483","-77.03261","38.92287",2013-11-27,"transect"
"7238","-77.05287","38.92384",2016-10-28,"transect"
"10045","-77.05863","38.91135",2018-07-11,"transect"
"11515","-77.02902","38.90444",2017-06-06,"transect"
"7738","-77.04352","38.92166",2010-04-25,"transect"
"8117","-77.01484","38.91984",2018-02-25,"transect"
"2417","-77.01422","38.94542",2015-05-19,"transect"
"7127","-77.02232","38.92445",2017-12-31,"transect"
"5202","-77.01001","38.93257",2013-06-16,"transect"
"4940","-77.03386","38.9333",2018-06-24,"transect"
"10376","-77.06471","38.90941",2013-04-22,"transect"
"9872","-77.03838","38.9122",2013-10-06,"transect"
"1652","-77.01313","38.94881",2011-05-19,"transect"
"1190","-77.01889","38.95039",2018-07-17,"transect1"
"4918","-77.01578","38.93342",2010-07-15,"Transect5"
"6881","-77.04508","38.92541",2017-10-29,"transect"
"57","-77.01889","38.95729",2015-11-14,"transect"
"11441","-77.0256","38.90468",2015-10-21,"transect"
"7545","-77.03105","38.92263",2017-05-07,"transect"
"3205","-77.00908","38.9413",2018-04-19,"transect"
"379","-77.00222","38.95317",2013-06-02,"transect"
"8640","-77.05193","38.91717",2017-09-22,"transect"
"535","-77.01999","38.95269",2012-02-04,"transect"
"84","-77.02154","38.95705",2014-02-15,"transect"
"6463","-77.03526","38.92735",2011-07-31,"transect"
"1277","-77.02045","38.95014",2011-06-01,"transect"
"5498","-77.02451","38.93148",2013-07-26,"transect"
"3925","-77.01812","38.93778",2014-12-28,"transect"
"6487","-77.04025","38.92723",2010-10-20,"transect"
"9995","-77.03791","38.91159",2014-10-21,"transect"
"6625","-77.03869","38.92663",2016-10-06,"transect"
"11079","-77.01406","38.90626",2013-10-14,"transect"
"5755","-77.02825","38.93039",2018-10-12,"Transect4"
"5623","-77.03635","38.93099",2015-09-07,"transect"
"334","-77.02653","38.95354",2015-07-02,"transect"
"11304","-77.02014","38.90529",2014-07-28,"transect"
"11664","-77.03744","38.90383",2017-09-30,"transect1"
"9159","-77.05521","38.91511",2017-05-06,"transect4"
"5936","-77.02092","38.92954",2015-08-28,"transect"
"9992","-77.05754","38.91159",2017-01-07,"transect"
"919","-77.0164","38.95123",2015-06-03,"transect1"
"9574","-77.05708","38.91377",2012-10-06,"transect"
"11528","-77.02373","38.90444",2011-02-24,"Transect2"
"4887","-77.015","38.93354",2010-03-05,"transect"
"3086","-77.03448","38.94166",2012-05-31,"transect"
"532","-77.02762","38.95269",2016-05-17,"transect "
"2383","-77.01765","38.94566",2013-04-10,"transect"
"10250","-77.06144","38.91026",2013-02-10,"transect"
"404","-77.0044","38.95305",2014-09-07,"transect"
"4132","-77.02279","38.93681",2016-10-22,"transect"
"10059","-77.06284","38.91123",2016-03-05,"transect"
"3818","-77.01017","38.93814",2012-11-06,"transect"
"6458","-77.03666","38.92735",2013-03-12,"transect"
"7392","-77.01126","38.92335",2014-11-13,"transect"
"4706","-77.01547","38.93426",2013-01-08,"transect4"
"5724","-77.00767","38.93063",2016-06-03,"transect"
"2388","-77.01391","38.94566",2017-07-29,"transect"
"4320","-77.03199","38.93608",2018-05-13,"transect"
"11024","-77.06986","38.90638",2011-01-09,"transect"
"10922","-77.06908","38.90662",2020-04-13,"transect"
"8905","-77.02279","38.91596",2011-07-09,"transect"
"6037","-77.01017","38.92905",2011-12-03,"transect"
"5475","-77.04648","38.93148",2013-07-18,"transect"
"6071","-77.03744","38.92881",2016-01-04,"transect"
"1592","-77.01547","38.94905",2017-03-31,"transect"
"390","-77.01547","38.95305",2020-03-09,"Transect"
"1569","-77.02996","38.94905",2016-06-24,"transect"
"7216","-77.0471","38.92396",2011-03-10,"transect"
"2357","-77.03199","38.94578",2010-01-24,"Transect2"
"7061","-77.03495","38.92469",2019-11-09,"transect"
"7918","-77.02232","38.92069",2019-01-23,"transect"
"5253","-77.04367","38.93233",2011-09-17,"transect"
"9864","-77.05941","38.9122",2012-03-18,"Transect4"
"7337","-77.01718","38.9236",2010-08-09,"transect"
"163","-77.01422","38.95632",2014-02-26,"transect"
"10982","-77.06767","38.9065",2013-02-16,"transect"
"2600","-77.01328","38.94433",2014-09-24,"transect"
"6156","-77.04928","38.92845",2013-09-02,"transect"
"4717","-77.04134","38.93414",2012-07-12,"transect"
"8752","-77.0563","38.91656",2016-12-26,"transect"
"8316","-77.01609","38.91875",2011-08-27,"transect"
"10325","-77.06206","38.90977",2020-02-06,"transect"
"5630","-77.02092","38.93099",2020-04-29,"transect"
"7473","-77.04586","38.92287",2015-02-15,"transect"
"2377","-77.03214","38.94566",2011-09-12,"transect"
"2822","-77.00986","38.94299",2010-03-28,"transect"
"7943","-77.02638","38.92057",2016-06-06,"transect"
"1817","-77.02404","38.9482",2017-10-07,"transect"
"4612","-77.00767","38.93487",2011-05-28,"Transect5"
"8393","-77.01702","38.91838",2020-04-07,"transect"
"1813","-77.00767","38.94833",2013-07-07,"transect"
"11251","-77.02108","38.90541",2019-11-25,"transect"
"10548","-77.03619","38.90832",2014-05-20,"transect"
"10650","-77.06549","38.90771",2018-08-04,"transect"
"8355","-77.04866","38.9185",2018-08-22,"transect"
"2267","-77.01079","38.94627",2019-05-29,"transect"
"5165","-77.03495","38.93257",2015-05-14,"transect"
"10285","-77.0644","38.91002",2016-08-26,"transect"
"8528","-77.04632","38.91766",2017-01-20,"transect"
"7791","-77.01344","38.92141",2011-01-21,"transect"
"4506","-77.00861","38.93548",2010-06-26,"transect"
"5148","-77.01048","38.93269",2013-09-04,"transect"
"2762","-77.01141","38.94336",2010-06-11,"transects"
"6123","-77.00814","38.92869",2019-02-13,"transect"
"11260","-77.01438","38.90541",2014-05-05,"transect"
"10685","-77.02232","38.90759",2014-01-29,"transect"
"785","-77.01422","38.95172",2010-08-27,"transect"
"8382","-77.03869","38.91838",2014-08-01,"transect"
"4780","-77.01609","38.9339",2010-10-31,"transect"
"1833","-77.01609","38.9482",2013-05-29,"transect"
"7678","-77.04476","38.9219",2010-06-10,"transect"
"2778","-77.01126","38.94324",2015-02-09,"transect"
"11576","-77.02295","38.90419",2014-07-20,"transect"
"9651","-77.03915","38.91341",2014-06-19,"transect"
"2861","-77.01812","38.94275",2010-06-23,"transect"
"9852","-77.03682","38.91232",2016-09-28,"transect"
"6763","-77.02622","38.92602",2016-05-24,"transect"
"10641","-77.01547","38.90783",2016-10-15,"transect"
"1218","-77.00986","38.95039",2019-10-07,"first_transect"
"9562","-77.03136","38.9139",2011-11-25,"transect"
"9753","-77.05863","38.9128",2018-04-22,"transect"
"9004","-77.03853","38.91572",2016-07-22,"transect1"
"10293","-77.03697","38.91002",2015-02-05,"transect"
"2016","-77.01001","38.94748",2018-12-09,"transect"
"487","-77.02715","38.95281",2017-04-02,"Transect1"
"2454","-77.03323","38.94505",2015-08-02,"transect"
"4934","-77.04149","38.9333",2012-09-01,"transect"
"6396","-77.03464","38.9276",2014-08-18,"transect"
"1392","-77.02108","38.94978",2012-11-11,"transect"
"5282","-77.01625","38.93233",2016-04-21,"transect"
"3255","-77.01313","38.94105",2010-06-27,"transect"
"7285","-77.03292","38.92372",2018-03-02,"transect"
"8608","-77.05599","38.91729",2018-03-27,"transect"
"3716","-77.04009","38.93839",2013-11-26,"transect"
"10994","-77.01967","38.9065",2014-03-15,"transect"
"3299","-77.00892","38.94081",2020-03-16,"transect"
"9273","-77.05552","38.91474",2012-02-16,"transect"
"1302","-77.01126","38.95014",2017-07-26,"transect"
"8308","-77.03432","38.91875",2018-08-01,"transect"
"7474","-77.0457","38.92287",2013-06-14,"transect"
"11174","-77.03479","38.90577",2013-08-11,"transect"
"6008","-77.02388","38.92917",2018-05-21,"transect"
"5352","-77.02217","38.93208",2017-05-27,"transect"
"1261","-77.0111","38.95026",2018-02-08,"transect"
"7350","-77.04056","38.92348",2015-10-31,"transect"
"3599","-77.02123","38.93899",2019-02-01,"transect"
"10730","-77.06876","38.90735",2012-09-12,"transect"
"9027","-77.04586","38.91559",2015-07-24,"transect"
"7952","-77.05225","38.92044",2016-05-09,"transect"
"6846","-77.02217","38.92566",2010-03-02,"transect"
"10057","-77.06362","38.91123",2017-12-07,"transect"
"2978","-77.02076","38.94214",2011-10-07,"transect"
"3541","-77.03822","38.93924",2013-05-11,"thirdtransect"
"893","-77.00814","38.95136",2010-05-01,"transect"
"2329","-77.00892","38.94602",2010-12-26,"transect"
"6831","-77.0457","38.92566",2010-12-05,"transect"
"4347","-77.00783","38.93608",2018-03-19,"transect"
"7233","-77.01734","38.92396",2018-01-04,"transect"
"3322","-77.01313","38.94069",2010-02-01,"transect"
"1656","-77.0097","38.94881",2010-03-19,"transect"
"11067","-77.03495","38.90626",2015-05-06,"Transect4"
"10481","-77.02575","38.9088",2017-05-10,"transect"
"11209","-77.01422","38.90565",2017-02-01,"transect"
"8150","-77.05427","38.9196",2018-10-15,"transect"
"2946","-77.03635","38.94227",2014-04-07,"transect"
"1503","-77.00892","38.94942",2020-03-26,"transect"
"7655","-77.03635","38.92202",2010-03-25,"transect"
"5416","-77.04617","38.93172",2011-09-30,"second_transect"
"5473","-77.00783","38.9316",2014-04-10,"transect"
"9113","-77.05786","38.91523",2010-07-02,"transects"
"6","-77.01874","38.95766",2014-07-05,"transect"
"5468","-77.0178","38.9316",2019-10-30,"transect"
"9080","-77.05692","38.91535",2016-08-11,"transect"
"4327","-77.02856","38.93608",2011-02-11,"transect"
"4085","-77.02591","38.93693",2017-08-16,"transect"
"11816","-77.00191","38.90322",2011-10-27,"transect"
"10916","-77.01375","38.90674",2016-10-24,"transect"
"8378","-77.04897","38.91838",2011-01-31,"second_transect"
"2823","-77.0097","38.94299",2019-01-21,"second_transect"
"4773","-77.02762","38.9339",2019-03-16,"transect"
"10951","-77.01625","38.90662",2016-01-10,"transect"
"10563","-77.06471","38.9082",2017-04-11,"transect"
"10077","-77.02731","38.91123",2014-09-25,"transect"
"6128","-77.0457","38.92857",2017-04-10,"transect"
"10993","-77.01983","38.9065",2017-09-06,"transect"
"1581","-77.01921","38.94905",2011-12-27,"transect"
"5594","-77.03089","38.93111",2014-11-26,"transect"
"6474","-77.01874","38.92735",2019-10-20,"transect"
"866","-77.00253","38.95148",2014-06-23,"transect"
"5608","-77.01718","38.93111",2015-10-27,"transect"
"2677","-77.01064","38.94384",2016-10-25,"Transect3"
"3177","-77.00845","38.94142",2019-03-07,"transect"
"3050","-77.01079","38.9419",2011-11-08,"transect"
"9362","-77.03308","38.9145",2011-02-26,"transect"
"11021","-77.01032","38.9065",2019-11-16,"Transect1"
"3658","-77.04009","38.93863",2013-08-04,"transect"
"1338","-77.01157","38.95002",2014-05-02,"transect"
"527","-77.00284","38.95281",2013-01-18,"transect"
"9505","-77.02965","38.91414",2010-03-07,"transect"
"11400","-77.00425","38.90492",2016-10-30,"transect"
"6369","-77.02528","38.92772",2017-08-11,"Transect"
"7497","-77.01173","38.92287",2015-09-12,"transect"
"500","-77.00877","38.95281",2014-12-06,"transect"
"295","-77.02575","38.95426",2010-08-06,"transect"
"4049","-77.02902","38.93705",2018-10-20,"transect"
"92","-77.01578","38.95705",2018-12-01,"transect"
"7572","-77.01204","38.92251",2018-05-25,"transect"
"744","-77.01375","38.95184",2011-12-23,"transect"
"1779","-77.01235","38.94845",2010-07-05,"transect"
"9436","-77.04913","38.91426",2012-06-01,"Transect2"
"2962","-77.01095","38.94227",2014-10-03,"transect"
"7039","-77.01671","38.92481",2018-10-31,"transect"
"5835","-77.02139","38.93002",2019-03-21,"transect"
"491","-77.01718","38.95281",2019-03-23,"transect"
"6237","-77.02871","38.9282",2011-02-16,"transect"
"2865","-77.01625","38.94275",2010-07-26,"transect"
"10185","-77.06097","38.91062",2013-01-09,"transect"
"4472","-77.01749","38.9356",2014-04-06,"transect"
"2364","-77.015","38.94578",2010-03-09,"transect"
"4917","-77.01718","38.93342",2016-02-04,"transect"
"302","-77.02575","38.95414",2014-12-11,"transect"
"2765","-77.00986","38.94336",2018-06-02,"transect"
"9613","-77.05988","38.91353",2019-07-27,"transect"
"6913","-77.03417","38.92529",2010-02-25,"transect"
"1603","-77.02419","38.94893",2013-11-18,"transect"
"11097","-77.06814","38.90614",2012-07-31,"transect"
"10122","-77.02825","38.91099",2011-11-21,"transect_2"
"422","-77.0016","38.95305",2019-06-18,"Transect3"
"5612","-77.01391","38.93111",2017-05-14,"transect"
"8268","-77.01593","38.91899",2014-12-30,"TRANSECT"
"68","-77.02108","38.95717",2013-08-08,"transect"
"5810","-77.01266","38.93014",2019-02-25,"transect"
"1011","-77.01687","38.95099",2019-06-15,"transect"
"6971","-77.03136","38.92505",2015-11-28,"transect"
"8377","-77.04913","38.91838",2012-03-05,"transect"
"11273","-77.02731","38.90529",2012-02-12,"transect"
"9116","-77.05614","38.91523",2020-04-04,"transect"
"8841","-77.02217","38.9162",2010-12-10,"transect"
"1907","-77.01515","38.94796",2011-07-26,"transect"
"7659","-77.02186","38.92202",2016-03-09,"transect"
"5915","-77.00783","38.92966",2018-12-21,"transect"
"2366","-77.01406","38.94578",2018-02-26,"transect"
"10661","-77.01609","38.90771",2014-01-21,"transect"
"3222","-77.01905","38.94117",2019-05-06,"transect"
"6522","-77.04056","38.92711",2019-08-18,"transect"
"7892","-77.01375","38.92081",2012-03-30,"transect"
"4719","-77.03713","38.93414",2010-02-20,"transect"
"3805","-77.02014","38.93814",2014-08-30,"transect4"
"9131","-77.03806","38.91523",2015-09-10,"transect"
"1313","-77.02934","38.95002",2012-10-28,"transect"
"5438","-77.0164","38.93172",2011-11-20,"transect"
"519","-77.00409","38.95281",2016-12-08,"transect"
"11582","-77.03822","38.90407",2014-05-19,"transect"
"10300","-77.02575","38.91002",2010-12-19,"transect"
"9705","-77.05988","38.91305",2016-06-20,"transects"
"1065","-77.02373","38.95075",2012-10-29,"transect"
"7464","-77.01266","38.92299",2013-08-22,"transect"
"3664","-77.03541","38.93863",2013-09-21,"transect1"
"4511","-77.04321","38.93536",2019-01-16,"transect"
"8407","-77.03822","38.91826",2012-01-07,"transect"
"8826","-77.03573","38.9162",2012-02-15,"transect"
"6119","-77.01328","38.92869",2010-06-28,"transect"
"923","-77.01578","38.95123",2011-05-07,"transect"
"4625","-77.02373","38.93475",2019-07-22,"transect"
"5157","-77.04056","38.93257",2014-08-27,"transect"
"10874","-77.01438","38.90686",2017-05-02,"transect"
"245","-77.01625","38.95511",2012-04-14,"transect"
"4731","-77.01827","38.93414",2018-06-14,"transect"
"7411","-77.027","38.92323",2018-06-08,"transect"
"2121","-77.03152","38.94687",2015-06-18,"transect"
"8943","-77.04056","38.91584",2010-11-17,"transect"
"11047","-77.01469","38.90638",2012-01-02,"transect"
"3052","-77.00845","38.9419",2015-03-15,"transect"
"7451","-77.0443","38.92299",2020-04-24,"transect"
"269","-77.01173","38.95475",2019-11-02,"transect"
"1900","-77.01749","38.94796",2012-10-25,"transect"
"8431","-77.04757","38.91814",2017-08-07,"transect"
"1107","-77.0178","38.95063",2016-06-21,"transect"
"321","-77.02622","38.9539",2013-04-01,"transect"
"4487","-77.03261","38.93548",2013-10-27,"transect"
"9173","-77.03651","38.91511",2011-12-16,"transect"
"11020","-77.01048","38.9065",2013-01-12,"transect"
"7732","-77.04757","38.92166",2019-07-12,"transect"
"959","-77.02248","38.95111",2011-09-29,"transect"
"9300","-77.05817","38.91462",2016-12-15,"transect"
"2057","-77.01344","38.94723",2017-12-26,"transect"
"1158","-77.01578","38.95051",2016-07-23,"transect"
"10271","-77.06144","38.91014",2010-05-15,"transect"
"9108","-77.02482","38.91535",2015-01-19,"transect"
"8558","-77.03588","38.91753",2016-05-21,"transect"
"8389","-77.02762","38.91838",2011-07-10,"transect"
"961","-77.02217","38.95111",2014-03-30,"transect"
"1940","-77.01064","38.94784",2014-07-23,"transect"
"9147","-77.02528","38.91523",2015-06-28,"transect"
"8179","-77.0376","38.91947",2015-04-10,"transect3"
"3022","-77.00877","38.94202",2016-04-17,"transect"
"3863","-77.01017","38.93802",2012-11-08,"transect"
"5388","-77.0178","38.93196",2010-01-27,"transect"
"6218","-77.01095","38.92832",2019-04-03,"transect"
"11663","-77.0376","38.90383",2010-10-26,"transect"
"9089","-77.04835","38.91535",2012-12-05,"transect"
"5694","-77.01313","38.93075",2013-06-05,"transect"
"4724","-77.02731","38.93414",2019-10-18,"transect"
"11371","-77.02357","38.90504",2017-10-14,"Transect5"
"3840","-77.02528","38.93802",2018-02-27,"transect"
"11352","-77.00487","38.90516",2014-06-29,"transect"
"16","-77.01921","38.95754",2017-12-01,"transect"
"8139","-77.02793","38.91972",2014-12-27,"Transect3"
"1700","-77.01344","38.94869",2016-12-28,"transect_2"
"8746","-77.02123","38.91669",2014-10-25,"transect"
"11594","-77.02902","38.90407",2016-08-05,"transect"
"2840","-77.01687","38.94287",2013-10-02,"transect"
"10204","-77.063","38.9105",2015-09-14,"transect"
"11179","-77.02419","38.90577",2016-06-15,"transect"
"2072","-77.0164","38.94711",2017-08-03,"transect"
"4676","-77.04274","38.93439",2011-08-10,"transect"
"6716","-77.00892","38.92626",2017-12-02,"transect"
"1276","-77.02061","38.95014",2016-01-03,"transect"
"10624","-77.06596","38.90783",2019-06-16,"transect"
"11001","-77.01578","38.9065",2012-03-22,"transect"
"3411","-77.01469","38.9402",2018-10-19,"transect"
"360","-77.0164","38.95317",2012-04-29,"transect"
"7433","-77.03822","38.92311",2015-11-16,"Transect2"
"4355","-77.03635","38.93596",2011-03-11,"transect"
"5561","-77.02934","38.93123",2010-04-29,"transect"
"8192","-77.05256","38.91935",2017-08-14,"transect_2"
"3139","-77.01188","38.94154",2019-06-12,"transect"
"11228","-77.01422","38.90553",2013-01-06,"transect"
"11125","-77.0683","38.90601",2015-06-14,"transect"
"10237","-77.02778","38.91038",2011-06-22,"transect"
"9794","-77.0616","38.91256",2010-04-21,"transect"
"6161","-77.04134","38.92845",2019-05-02,"transect"
"10664","-77.01562","38.90771",2016-12-21,"transect"
"347","-77.01671","38.95329",2013-03-26,"transect"
"259","-77.01204","38.95499",2018-05-06,"transect"
"623","-77.00097","38.95233",2010-11-25,"transect"
"9750","-77.06066","38.9128",2017-12-25,"transect"
"10880","-77.06954","38.90674",2013-05-18,"transect"
"617","-77.00191","38.95233",2018-03-17,"transect"
"8275","-77.05147","38.91887",2013-05-16,"transect "
"9842","-77.06004","38.91232",2014-01-27,"transect"
"6273","-77.01827","38.92808",2016-08-14,"transect"
"5237","-77.01702","38.93245",2011-07-18,"transect"
"7544","-77.03261","38.92263",2010-02-15,"transect"
"9883","-77.0616","38.91208",2016-11-11,"transect"
"3561","-77.00767","38.93924",2012-11-25,"transects"
"3024","-77.03682","38.9419",2014-09-21,"transect"
"1176","-77.0058","38.95051",2013-08-13,"transect"
"8896","-77.03541","38.91596",2014-06-04,"transect"
"1449","-77.0298","38.94954",2014-02-22,"transect"
"11781","-77.00191","38.90335",2013-10-05,"transect"
"229","-77.01702","38.95523",2013-10-23,"transect"
"3190","-77.02731","38.9413",2017-03-03,"transect"
"8228","-77.05458","38.91911",2014-08-19,"transect"
"10284","-77.06456","38.91002",2014-10-12,"transect"
"11389","-77.02528","38.90492",2014-07-07,"transect"
"9415","-77.0298","38.91438",2019-07-29,"transect"
"9962","-77.05739","38.91171",2018-12-28,"transect"
"6748","-77.04414","38.92602",2010-05-02,"first_transect"
"2217","-77.01453","38.94651",2012-03-12,"transect"
"3023","-77.00861","38.94202",2012-08-11,"transect"
"2572","-77.02544","38.94445",2012-02-28,"transect"
"11061","-77.06845","38.90626",2012-12-29,"transect"
"445","-77.00908","38.95293",2016-09-16,"transect"
"10722","-77.01515","38.90747",2013-06-10,"transect"
"11674","-77.03354","38.90383",2015-09-09,"transect"
"620","-77.00144","38.95233",2016-10-09,"transect"
"9866","-77.0591","38.9122",2011-04-13,"transect"
"9784","-77.03853","38.91268",2015-11-23,"transect"
"9603","-77.03947","38.91365",2019-12-24,"transect"
"5979","-77.03697","38.92929",2020-03-23,"Transect5"
"1030","-77.00393","38.95099",2013-11-29,"transect"
"2620","-77.01391","38.9442",2012-05-16,"transect"
"2322","-77.0136","38.94602",2013-09-23,"transect"
"1685","-77.01952","38.94869",2017-04-30,"transect"
"6590","-77.02092","38.92687",2015-04-26,"transect"
"797","-77.00534","38.95172",2016-05-08,"transect"
"3940","-77.03339","38.93766",2012-08-28,"transect"
"8807","-77.0231","38.91632",2015-12-01,"transect"
"11520","-77.02669","38.90444",2011-01-22,"transect4"
"8196","-77.04726","38.91935",2019-11-20,"transect"
"801","-77.00175","38.95172",2014-08-20,"transect"
"3389","-77.01515","38.94033",2018-07-17,"transect"
"9584","-77.03136","38.91377",2017-06-03,"transect"
"1401","-77.01625","38.94978",2018-12-25,"transect"
"11771","-77.02934","38.90335",2010-08-22,"transect"
"10358","-77.0644","38.90953",2011-03-28,"transect"
"10362","-77.06238","38.90953",2012-02-04,"transect"
"9675","-77.03744","38.91329",2016-02-18,"transect"
"6445","-77.00845","38.92748",2015-12-02,"transect"
"9286","-77.03557","38.91474",2016-07-03,"transect"
"7917","-77.0231","38.92069",2015-11-04,"transect"
"8606","-77.01905","38.91741",2012-05-13,"transect"
"553","-77.02045","38.95257",2015-03-25,"transect"
"7083","-77.04445","38.92457",2013-02-26,"transect"
"1198","-77.0164","38.95039",2013-08-01,"transect"
"3284","-77.03557","38.94081",2013-01-23,"transect"
"5863","-77.02123","38.9299",2015-11-10,"transect"
"6359","-77.03417","38.92772",2015-07-17,"transect"
"7374","-77.04087","38.92335",2019-10-25,"transect"
"11069","-77.03354","38.90626",2019-03-27,"transect"
"1069","-77.0178","38.95075",2013-10-14,"transect"
"3785","-77.00783","38.93827",2018-07-06,"transect"
"4483","-77.04227","38.93548",2015-08-19,"transect"
"11220","-77.02419","38.90553",2016-07-29,"TRANSECT"
"9217","-77.02591","38.91499",2014-07-28,"transect"
"11465","-77.03058","38.90456",2012-01-20,"transect"
"10769","-77.06627","38.90723",2015-01-08,"transect"
"1071","-77.01718","38.95075",2020-04-06,"transect"
"3145","-77.03697","38.94142",2015-08-12,"transect"
"8932","-77.04289","38.91584",2016-10-22,"transect"
"1013","-77.01593","38.95099",2012-07-22,"transect"
"1001","-77.02248","38.95099",2014-03-29,"transect"
"7302","-77.05318","38.9236",2016-11-16,"transect"
"11114","-77.00783","38.90614",2017-06-29,"transect"
"10504","-77.06721","38.90856",2019-05-19,"transect"
"109","-77.01936","38.95693",2013-07-18,"transect"
"4726","-77.02435","38.93414",2019-07-09,"transect"
"6941","-77.03261","38.92517",2014-02-28,"transect"
"9647","-77.05193","38.91341",2014-05-24,"transect"
"2923","-77.03619","38.94239",2019-05-22,"transect"
"11778","-77.027","38.90335",2016-04-02,"transect"
"1712","-77.03027","38.94857",2018-03-10,"transect"
"4478","-77.0083","38.9356",2013-01-24,"transect"
"3476","-77.03573","38.93972",2019-04-28,"Transect4"
"9365","-77.03261","38.9145",2016-11-03,"transect"
"5277","-77.0203","38.93233",2010-09-02,"transect"
"4609","-77.00923","38.93487",2019-04-19,"transect"
"5327","-77.00814","38.9322",2010-01-24,"transect"
"2499","-77.0323","38.94469",2014-10-20,"transect"
"7541","-77.0376","38.92263",2015-10-14,"transect"
"3306","-77.03557","38.94069",2012-01-26,"transect"
"10921","-77.06954","38.90662",2016-09-04,"transect"
"7280","-77.04025","38.92372",2014-04-30,"transect"
"5923","-77.03136","38.92954",2011-09-07,"transect"
"2165","-77.01017","38.94675",2014-06-24,"transect"
"3993","-77.02684","38.93742",2011-05-01,"transect"
"9478","-77.05817","38.91414",2013-09-02,"transects"
"4476","-77.00923","38.9356",2017-09-05,"transect"
"8135","-77.02856","38.91972",2015-05-13,"transect"
"7387","-77.01827","38.92335",2017-11-18,"transect"
"6420","-77.03915","38.92748",2019-11-03,"transect"
"8109","-77.03978","38.91984",2015-07-01,"transect"
"2084","-77.03136","38.94699",2015-10-24,"transect"
"5101","-77.00986","38.93281",2017-03-24,"transect"
"6415","-77.04773","38.92748",2010-11-03,"transect"
"710","-77.01531","38.95196",2013-07-07,"transect"
"5100","-77.01095","38.93281",2017-12-12,"transect"
"4686","-77.02341","38.93439",2010-04-04,"transect"
"8969","-77.05489","38.91572",2014-01-02,"transect"
"482","-77.00082","38.95293",2016-05-11,"transect"
"7919","-77.01422","38.92069",2014-10-31,"Transect1"
"7496","-77.01266","38.92287",2015-03-18,"transect"
"9642","-77.05271","38.91341",2016-09-22,"transect"
"10738","-77.06612","38.90735",2014-09-04,"transect"
"569","-77.02092","38.95245",2019-11-25,"Transect1"
"5876","-77.03121","38.92978",2019-09-10,"transect"
"9335","-77.05754","38.9145",2017-04-20,"transect"
"9599","-77.05147","38.91365",2018-12-16,"transect"
"4096","-77.01952","38.93693",2013-05-03,"transect"
"6236","-77.02887","38.9282",2012-07-29,"transect"
"168","-77.02373","38.9562",2015-05-12,"transect"
"10175","-77.0644","38.91062",2013-12-13,"transect"
"6318","-77.0083","38.92796",2018-08-10,"transect"
"859","-77.00658","38.95148",2018-05-18,"transect"
"5169","-77.03339","38.93257",2018-09-20,"transect"
"5186","-77.02123","38.93257",2018-02-10,"transect"
"280","-77.02575","38.95451",2012-03-16,"transect"
"4253","-77.03541","38.93633",2012-09-28,"transect "
"9326","-77.02747","38.91462",2011-09-03,"transect"
"6963","-77.03744","38.92505",2017-08-08,"transect"
"8442","-77.03604","38.91814",2017-08-02,"transect"
"2558","-77.01484","38.94457",2020-02-08,"transect"
"9978","-77.06284","38.91159",2010-08-27,"transect"
"6838","-77.039","38.92566",2010-06-10,"transect"
"7784","-77.03713","38.92141",2015-02-09,"transect"
"601","-77.00705","38.95233",2010-08-30,"transect"
"3154","-77.02949","38.94142",2012-02-17,"transect"
"5828","-77.02747","38.93002",2013-09-15,"transect"
"6490","-77.03791","38.92723",2016-11-01,"transect"
"4964","-77.01188","38.9333",2010-11-14,"transect"
"8186","-77.01547","38.91947",2018-06-12,"transect"
"4345","-77.0083","38.93608",2017-07-31,"transect"
"1831","-77.0164","38.9482",2017-04-14,"transect1"
"2245","-77.01079","38.94639",2015-04-15,"transect"
"2686","-77.01983","38.94372",2019-10-23,"transect"
"4072","-77.03697","38.93693",2016-08-22,"transect"
"10058","-77.06347","38.91123",2017-06-05,"transect"
"5078","-77.03541","38.93281",2010-03-20,"transect"
"4674","-77.04383","38.93439",2013-07-27,"transect"
"9267","-77.05708","38.91474",2016-03-02,"Transect2"
"9368","-77.03214","38.9145",2018-11-22,"transect"
"906","-77.00269","38.95136",2010-09-03,"transect"
"167","-77.02388","38.9562",2017-03-02,"transect"
"5939","-77.01001","38.92954",2010-07-10,"transect"
"4562","-77.0231","38.93511",2014-11-21,"transect"
"11164","-77.01406","38.90589",2016-11-27,"transect"
"7419","-77.05349","38.92311",2016-05-19,"transect"
"4344","-77.00845","38.93608",2014-10-13,"transect"
"9905","-77.06238","38.91196",2018-12-12,"thirdtransect"
"6502","-77.0217","38.92723",2019-09-17,"transect"
"2373","-77.01017","38.94578",2010-07-18,"transect"
"6750","-77.04134","38.92602",2016-02-22,"transect"
"2609","-77.03308","38.9442",2012-06-30,"transect"
"7507","-77.04476","38.92275",2018-12-23,"transect"
"5783","-77.01297","38.93026",2010-04-07,"transect"
"4303","-77.01141","38.9362",2015-10-02,"transect"
"4167","-77.02295","38.93669",2017-03-04,"transect"
"3929","-77.01173","38.93778",2018-08-01,"transect"
"6436","-77.03417","38.92748",2019-02-27,"transect"
"7375","-77.04071","38.92335",2015-03-17,"transect"
"5184","-77.02606","38.93257",2015-03-20,"transect"
"1706","-77.0097","38.94869",2013-04-17,"transect"
"11244","-77.02591","38.90541",2019-07-05,"transect"
"4128","-77.02715","38.93681",2015-03-27,"transect"
"5342","-77.03089","38.93208",2020-03-08,"transect"
"7339","-77.0111","38.9236",2019-11-30,"transect"
"1790","-77.02731","38.94833",2012-05-21,"transect"
"2637","-77.01453","38.94408",2020-04-12,"transect"
"9413","-77.03136","38.91438",2012-10-23,"transect"
"4213","-77.04227","38.93645",2018-09-12,"transect"
"8590","-77.04383","38.91741",2014-07-01,"transect"
"7868","-77.01375","38.92093",2019-01-08,"transect"
"4173","-77.01889","38.93669",2017-10-24,"transect"
"11215","-77.06892","38.90553",2010-06-16,"transect"
"7944","-77.0231","38.92057",2013-06-29,"transect"
"3578","-77.01469","38.93911",2011-03-08,"transect"
"4836","-77.01921","38.93366",2011-04-10,"transect"
"11160","-77.01749","38.90589",2015-09-13,"transect"
"6611","-77.02528","38.92675",2018-03-21,"Transect3"
"4587","-77.00892","38.93499",2010-03-19,"transect"
"5093","-77.0178","38.93281",2011-11-15,"transect"
"9739","-77.03869","38.91293",2011-10-17,"transect"
"5304","-77.03635","38.9322",2015-01-06,"transect"
"442","-77.01547","38.95293",2015-10-09,"transect"
"6790","-77.02591","38.9259",2010-03-25,"transect"
"1362","-77.01609","38.9499",2015-09-29,"transect"
"10808","-77.01702","38.90711",2014-04-10,"Transect5"
"1588","-77.01609","38.94905",2015-09-19,"transect"
"3170","-77.01469","38.94142",2011-01-05,"transect"
"3793","-77.03308","38.93814",2017-01-11,"transect"
"5897","-77.039","38.92966",2016-02-20,"TRANSECT"
"6363","-77.03323","38.92772",2016-02-07,"transect"
"4434","-77.0203","38.93572",2010-06-20,"transect"
"1460","-77.01484","38.94954",2012-03-28,"transect"
"11438","-77.02606","38.90468",2015-05-27,"thirdtransect"
"3103","-77.01344","38.94166",2017-02-08,"transect"
"8451","-77.05536","38.91802",2019-02-02,"transect"
"6543","-77.00892","38.92711",2014-09-25,"transect"
"6860","-77.04212","38.92554",2017-09-06,"transect"
"9282","-77.03791","38.91474",2012-07-28,"transect"
"6406","-77.01874","38.9276",2010-08-18,"second_transect"
"10262","-77.06502","38.91014",2016-04-30,"transect"
"5508","-77.0136","38.93148",2016-07-08,"transect"
"6464","-77.0351","38.92735",2011-05-27,"transect"
"5879","-77.02918","38.92978",2019-03-24,"transect"
"2780","-77.00986","38.94324",2015-04-08,"transect"
"8439","-77.03775","38.91814",2010-01-23,"transect3"
"9277","-77.04757","38.91474",2013-11-04,"transect"
"1809","-77.01001","38.94833",2013-11-12,"transect"
"4337","-77.01702","38.93608",2013-08-02,"transect"
"6198","-77.03339","38.92832",2018-08-25,"transect"
"8756","-77.05287","38.91656",2017-11-24,"transect"
"11197","-77.03479","38.90565",2010-08-20,"transect"
"9844","-77.0591","38.91232",2018-03-31,"transect"
"9032","-77.0404","38.91559",2018-05-15,"transect"
"8809","-77.02232","38.91632",2010-01-03,"transect"
"2522","-77.0337","38.94457",2013-01-11,"transect"
"8369","-77.05505","38.91838",2018-12-01,"transect"
"4915","-77.02357","38.93342",2019-08-03,"transect"
"10441","-77.02622","38.90905",2018-06-13,"transect"
"2096","-77.02373","38.94699",2011-07-29,"transect"
"6793","-77.02186","38.9259",2010-01-19,"transect"
"6187","-77.01001","38.92845",2010-03-11,"transect"
"6434","-77.03448","38.92748",2012-09-09,"Transect2"
"10359","-77.06362","38.90953",2018-12-22,"transect"
"9709","-77.05832","38.91305",2019-12-20,"transect"
"3581","-77.00783","38.93911",2020-01-28,"Transect1"
"1651","-77.01328","38.94881",2010-11-30,"transect"
"8668","-77.05162","38.91705",2011-04-30,"transect"
"5676","-77.02996","38.93075",2014-03-13,"transect"
"9453","-77.03027","38.91426",2010-12-03,"transect"
"4745","-77.03557","38.93402",2011-08-20,"transect"
"6086","-77.0083","38.92881",2010-12-07,"transect"
"683","-77.00752","38.95208",2015-08-20,"transect"
"1726","-77.01812","38.94857",2015-10-30,"transect"
"1691","-77.01858","38.94869",2017-02-14,"transect"
"3392","-77.01375","38.94033",2016-04-22,"transect"
"9304","-77.05692","38.91462",2019-05-28,"transect"
"8004","-77.02653","38.92032",2012-06-12,"transect"
"492","-77.01702","38.95281",2010-05-28,"transect"
"9629","-77.03728","38.91353",2019-04-06,"transect"
"400","-77.00502","38.95305",2016-09-29,"first_transect"
"10111","-77.06035","38.91099",2019-12-06,"transect"
"5305","-77.03479","38.9322",2016-01-16,"transect"
"10164","-77.03728","38.91074",2016-02-01,"transect"
"1451","-77.02887","38.94954",2016-06-25,"transect"
"1978","-77.02965","38.9476",2012-08-04,"transect"
"1914","-77.01032","38.94796",2018-06-25,"transect1"
"11527","-77.02388","38.90444",2015-07-29,"transect"
"7907","-77.04289","38.92069",2014-04-17,"transect"
"1359","-77.01656","38.9499",2017-04-23,"transect"
"2214","-77.0164","38.94651",2014-01-12,"transect"
"6616","-77.05038","38.92663",2010-01-11,"transect"
"1443","-77.01188","38.94966",2012-10-31,"transect"
"6173","-77.03183","38.92845",2016-06-13,"transect"
"1308","-77.00721","38.95014",2014-12-02,"transect"
"1019","-77.01469","38.95099",2018-06-21,"transect"
"4500","-77.01874","38.93548",2012-08-22,"transect"
"6215","-77.01391","38.92832",2013-10-21,"transects"
"11362","-77.02591","38.90504",2014-10-30,"transect"
"7608","-77.03136","38.92226",2014-08-24,"transect"
"7763","-77.0323","38.92154",2014-05-19,"transect"
"8784","-77.02201","38.91644",2019-04-21,"transect"
"4186","-77.03791","38.93657",2013-12-17,"transect"
"1388","-77.02466","38.94978",2013-05-19,"transect"
"7274","-77.04461","38.92372",2015-11-25,"transect"
"2126","-77.02513","38.94687",2019-05-30,"transect"
"10068","-77.0591","38.91123",2016-02-14,"transect"
"10086","-77.06097","38.91111",2016-10-18,"transect"
"9126","-77.04632","38.91523",2013-03-10,"transect"
"5334","-77.04414","38.93208",2020-03-11,"transect"
"2230","-77.02684","38.94639",2015-02-27,"transect"
"8220","-77.0323","38.91923",2010-05-24,"transect"
"10925","-77.0683","38.90662",2015-08-14,"transect"
"9171","-77.03682","38.91511",2018-04-26,"transect"
"10517","-77.0256","38.90856",2018-08-09,"transect"
"5619","-77.04679","38.93099",2015-04-20,"transect"
"755","-77.00549","38.95184",2010-07-08,"transect"
"5127","-77.02715","38.93269",2012-01-30,"transect"
"6956","-77.04383","38.92505",2011-04-08,"transect"
"3861","-77.01173","38.93802",2015-11-09,"transect"
"7436","-77.03495","38.92311",2015-06-27,"transect"
"11524","-77.02435","38.90444",2019-11-02,"Transect"
"3640","-77.03884","38.93875",2012-04-02,"transect"
"4848","-77.01484","38.93366",2012-10-25,"transect"
"10929","-77.03526","38.90662",2013-01-14,"thirdtransect"
"11561","-77.02809","38.90419",2011-11-03,"transect"
"2603","-77.01017","38.94433",2013-01-07,"transect"
"3612","-77.03962","38.93887",2011-05-18,"transect"
"3910","-77.03323","38.93778",2020-04-16,"thirdtransect"
"1622","-77.01593","38.94893",2017-05-25,"transect"
"7369","-77.04632","38.92335",2020-03-17,"transect"
"7112","-77.04476","38.92445",2018-09-17,"transect"
"9376","-77.05879","38.91438",2011-11-02,"transect"
"702","-77.02606","38.95196",2017-03-06,"transect"
"5290","-77.00767","38.93233",2013-10-31,"transect"
"7415","-77.01749","38.92323",2011-07-10,"transect"
"10851","-77.06876","38.90686",2010-04-30,"transect"
"1590","-77.01578","38.94905",2011-08-08,"transect"
"9522","-77.05692","38.91402",2014-07-23,"transect"
"2356","-77.03214","38.94578",2014-05-31,"transect"
"5718","-77.01328","38.93063",2013-11-30,"transect"
"1781","-77.01188","38.94845",2013-11-24,"transect"
"7188","-77.01064","38.9242",2010-10-26,"transect"
"8159","-77.04695","38.9196",2012-08-20,"transect"
"4950","-77.02435","38.9333",2010-10-01,"transect"
"4231","-77.0298","38.93645",2017-05-22,"transect"
"9838","-77.06128","38.91232",2014-11-11,"transect"
"9258","-77.02622","38.91487",2015-01-12,"transect"
"2506","-77.01593","38.94469",2018-01-20,"transect"
"9276","-77.04773","38.91474",2018-04-16,"transect"
"5239","-77.01266","38.93245",2018-08-26,"transect"
"7883","-77.03713","38.92081",2013-10-10,"transect"
"10337","-77.0658","38.90965",2014-10-28,"transect"
"10226","-77.06315","38.91038",2010-12-24,"transect"
"454","-77.00736","38.95293",2010-11-16,"transect"
"5301","-77.04227","38.9322",2016-06-15,"transect"
"5364","-77.00814","38.93208",2016-05-10,"transect"
"8501","-77.05069","38.91778",2019-07-14,"transect"
"3302","-77.0083","38.94081",2010-10-05,"transect"
"503","-77.0083","38.95281",2011-02-05,"transect"
"3694","-77.02809","38.93851",2012-03-22,"transect"
"2507","-77.01578","38.94469",2019-09-20,"transect"
"2265","-77.0111","38.94627",2014-07-18,"transect"
"1756","-77.02248","38.94845",2016-11-12,"transect"
"5832","-77.02232","38.93002",2012-10-03,"transect"
"7799","-77.04804","38.92129",2019-06-12,"TRANSECT"
"4588","-77.00783","38.93499",2012-01-17,"transect"
"3726","-77.02451","38.93839",2016-12-27,"transect"
"4193","-77.03152","38.93657",2019-05-21,"transect"
"1773","-77.01438","38.94845",2019-10-14,"transect"
"1097","-77.02918","38.95063",2019-09-27,"transect"
"5614","-77.00845","38.93111",2018-10-23,"transect"
"8981","-77.0443","38.91572",2010-01-29,"transect"
"6177","-77.02232","38.92845",2010-06-08,"transect"
"7245","-77.04289","38.92384",2012-12-01,"transect"
"11449","-77.02279","38.90468",2016-11-26,"transect"
"4683","-77.02419","38.93439",2016-03-11,"transect"
"3883","-77.02326","38.9379",2017-12-10,"transect"
"1528","-77.00908","38.9493",2012-12-19,"Transect2"
"9094","-77.04025","38.91535",2010-01-08,"transect"
"4669","-77.00892","38.93451",2010-11-21,"transect"
"5666","-77.00845","38.93087",2015-07-31,"transect"
"10482","-77.02419","38.9088",2014-10-09,"transect"
"9934","-77.06066","38.91183",2011-04-22,"transect"
"11683","-77.02232","38.90383",2013-09-20,"transect"
"2997","-77.0298","38.94202",2018-04-08,"transect"
"3258","-77.01079","38.94105",2013-07-17,"transect"
"7132","-77.0111","38.92445",2015-07-19,"transect"
"6679","-77.03697","38.92638",2018-01-16,"transect"
"3092","-77.0284","38.94166",2019-12-12,"Transect2"
"7424","-77.04679","38.92311",2011-06-24,"transect"
"8526","-77.05038","38.91766",2013-09-16,"transect"
"2931","-77.0256","38.94239",2014-03-21,"transect"
"4939","-77.03495","38.9333",2015-10-22,"transect"
"6460","-77.03604","38.92735",2010-10-24,"transect"
"10147","-77.02684","38.91086",2018-03-08,"transect"
"5853","-77.02902","38.9299",2014-09-21,"transect"
"1352","-77.02061","38.9499",2018-08-30,"transect"
"3954","-77.01921","38.93766",2014-04-03,"transect"
"2627","-77.00954","38.9442",2016-12-24,"transect"
"8629","-77.02014","38.91729",2018-04-28,"transect"
"3196","-77.01889","38.9413",2013-08-30,"transect"
"7567","-77.02123","38.92251",2019-03-10,"transect"
"7896","-77.05193","38.92069",2016-04-08,"Transect3"
"1341","-77.0111","38.95002",2015-04-23,"transect"
"3406","-77.01921","38.9402",2010-12-08,"transect"
"2444","-77.02279","38.94517",2013-10-23,"transect"
"3080","-77.03713","38.94166",2011-04-06,"transect"
"5089","-77.01874","38.93281",2020-03-28,"transect"
"8659","-77.01983","38.91717",2017-09-18,"transect"
"9963","-77.05723","38.91171",2019-04-15,"transect"
"9776","-77.05926","38.91268",2013-12-28,"transect"
"6234","-77.03308","38.9282",2010-11-24,"second_transect"
"260","-77.01188","38.95499",2016-01-26,"transect"
"11096","-77.0683","38.90614",2011-03-24,"transect"
"1326","-77.01593","38.95002",2012-06-11,"transect"
"3274","-77.01282","38.94093",2010-09-06,"transect"
"1204","-77.01547","38.95039",2019-02-20,"Transect4"
"5778","-77.02451","38.93026",2018-05-19,"transect"
"2445","-77.02264","38.94517",2015-11-23,"transect"
"11772","-77.02918","38.90335",2017-12-31,"transect"
"10152","-77.06425","38.91074",2013-08-10,"transect4"
"6960","-77.03993","38.92505",2013-06-16,"transect"
"629","-77.02793","38.9522",2015-12-13,"transect4"
"10592","-77.02513","38.90808",2015-09-16,"transect"
"4963","-77.01313","38.9333",2010-09-11,"transect"
"8351","-77.051","38.9185",2012-08-28,"transect"
"263","-77.01313","38.95487",2011-09-14,"transect"
"7936","-77.0404","38.92057",2010-03-10,"transect"
"7974","-77.02778","38.92044",2015-10-05,"transect"
"3437","-77.01001","38.94008",2018-04-19,"transect_2"
"4324","-77.02902","38.93608",2013-06-02,"transect"
"10016","-77.05863","38.91147",2015-04-16,"transect"
"8385","-77.03573","38.91838",2013-02-24,"transect"
"6250","-77.01095","38.9282",2020-02-10,"transect"
"11216","-77.03464","38.90553",2018-09-07,"transect"
"417","-77.00238","38.95305",2013-12-18,"transect"
"11814","-77.02715","38.90322",2014-07-29,"transect"
"10094","-77.03744","38.91111",2011-06-12,"transect"
"5225","-77.03058","38.93245",2017-02-02,"transect"
"10529","-77.03635","38.90844",2014-05-25,"transect"
"6012","-77.01001","38.92917",2011-08-19,"transect"
"11493","-77.00378","38.90456",2018-12-10,"transect"
"6253","-77.01017","38.9282",2016-10-06,"transect"
"7087","-77.03915","38.92457",2014-08-04,"transect"
"7836","-77.05022","38.92105",2010-11-26,"transect"
"2182","-77.01625","38.94663",2015-06-03,"transect"
"10587","-77.03604","38.90808",2020-03-12,"transect"
"7693","-77.02092","38.9219",2015-11-29,"transect"
"6442","-77.01889","38.92748",2011-02-21,"transect"
"9306","-77.05599","38.91462",2013-03-21,"transect"
"8962","-77.05786","38.91572",2012-11-06,"transect"
"1800","-77.01812","38.94833",2019-01-19,"transect"
"10333","-77.02575","38.90977",2013-10-03,"TRANSECT"
"221","-77.01235","38.95536",2016-06-19,"transect"
"2260","-77.01547","38.94627",2018-05-27,"transect3"
"10576","-77.06799","38.90808",2017-11-20,"transect"
"6381","-77.04757","38.9276",2015-07-13,"transect"
"1796","-77.02186","38.94833",2010-11-07,"transect"
"154","-77.02357","38.95645",2020-01-19,"transect"
"3950","-77.02076","38.93766",2011-08-02,"transect"
"1787","-77.03043","38.94833",2014-02-10,"transect"
"839","-77.01079","38.95148",2014-02-28,"transect"
"3974","-77.02684","38.93754",2017-07-04,"transect"
"10258","-77.02606","38.91026",2019-03-09,"transect"
"776","-77.02326","38.95172",2014-04-15,"transect3"
"9754","-77.05848","38.9128",2017-03-31,"transect"
"1435","-77.01578","38.94966",2016-06-24,"transect"
"2365","-77.01469","38.94578",2016-04-06,"transect"
"5956","-77.02996","38.92942",2012-06-24,"Transect3"
"5111","-77.03806","38.93269",2015-06-01,"transect"
"10530","-77.03619","38.90844",2010-06-29,"transect"
"10074","-77.02887","38.91123",2018-07-22,"transect"
"9287","-77.03541","38.91474",2018-01-01,"transect"
"10393","-77.06627","38.90929",2010-12-22,"transect"
"803","-77.0284","38.9516",2013-09-17,"transect"
"11030","-77.06861","38.90638",2018-01-02,"transect"
"5021","-77.02544","38.93305",2013-05-23,"transect"
"91","-77.01593","38.95705",2012-08-24,"transect"
"1983","-77.02606","38.9476",2019-11-03,"transect"
"7517","-77.03619","38.92275",2015-01-09,"Transect2"
"3760","-77.02419","38.93827",2016-08-27,"transect"
"3615","-77.03682","38.93887",2013-01-20,"transect"
"9695","-77.039","38.91317",2013-01-15,"transect"
"10819","-77.06861","38.90698",2014-01-26,"transect"
"5864","-77.02061","38.9299",2014-02-12,"transect"
"2336","-77.02419","38.9459",2014-05-20,"transect"
"4811","-77.015","38.93378",2017-08-20,"transect"
"9660","-77.06051","38.91329",2011-10-22,"transect"
"2150","-77.03136","38.94675",2012-06-06,"transect"
"10620","-77.06799","38.90783",2015-01-29,"transect"
"10941","-77.01983","38.90662",2016-11-02,"transect"
"619","-77.0016","38.95233",2011-06-23,"transect"
"9135","-77.03682","38.91523",2015-12-06,"transect"
"5540","-77.02092","38.93136",2011-01-21,"transect"
"1873","-77.01422","38.94808",2010-05-17,"transect"
"252","-77.02544","38.95499",2011-06-18,"transect"
"6745","-77.05069","38.92602",2020-04-10,"transect"
"2779","-77.01032","38.94324",2016-07-30,"transect"
"2516","-77.01282","38.94469",2018-08-29,"transect"
"9986","-77.06004","38.91159",2014-06-18,"transect"
"8906","-77.02264","38.91596",2013-05-08,"transect"
"3673","-77.01734","38.93863",2019-03-04,"transect"
"5103","-77.00752","38.93281",2011-05-08,"transect"
"6601","-77.04102","38.92675",2018-07-28,"transect"
"9038","-77.03541","38.91559",2013-03-05,"transect"
"6660","-77.03339","38.92651",2015-05-04,"transect"
"7382","-77.03541","38.92335",2019-11-10,"transect"
"5030","-77.01173","38.93305",2019-03-14,"transect"
"1923","-77.02871","38.94784",2019-08-08,"transect"
"6204","-77.02871","38.92832",2011-09-26,"Transect5"
"11431","-77.03199","38.90468",2013-08-21,"transect"
"5045","-77.03276","38.93293",2011-05-14,"transect"
"4059","-77.01967","38.93705",2019-04-02,"transect"
"6697","-77.04476","38.92626",2018-09-10,"transect"
"4624","-77.02653","38.93475",2019-12-15,"transect"
"11696","-77.0337","38.90371",2010-09-27,"transect"
"9687","-77.05817","38.91317",2019-11-05,"transect"
"11015","-77.01126","38.9065",2015-04-21,"transect"
"3579","-77.01375","38.93911",2012-09-06,"transect"
"6410","-77.00877","38.9276",2013-07-01,"transect"
"5281","-77.01734","38.93233",2010-07-21,"transect"
"7677","-77.04601","38.9219",2014-05-09,"transect"
"3733","-77.01889","38.93839",2019-01-15,"transect"
"11564","-77.02762","38.90419",2017-10-31,"transect"
"773","-77.02373","38.95172",2016-01-05,"transect"
"9471","-77.05926","38.91414",2019-12-16,"transect"
"5382","-77.02201","38.93196",2010-08-19,"transect1"
"6044","-77.04882","38.92893",2010-12-13,"transect"
"1233","-77.02341","38.95026",2016-04-21,"second_transect"
"7353","-77.03401","38.92348",2012-07-01,"transect"
"4728","-77.02341","38.93414",2011-10-04,"transect"
"10740","-77.03557","38.90735",2016-08-12,"transect"
"8995","-77.03993","38.91572",2016-11-27,"transect"
"2437","-77.01032","38.9453",2017-10-10,"transect"
"8106","-77.04663","38.91984",2014-10-13,"transect"
"3540","-77.03915","38.93924",2015-11-01,"transect"
"8860","-77.03541","38.91608",2013-06-25,"transect"
"9813","-77.02825","38.91256",2016-10-01,"transect"
"2619","-77.01438","38.9442",2010-01-31,"transect"
"1372","-77.01235","38.9499",2019-06-30,"transect"
"7075","-77.01017","38.92469",2019-07-30,"transect"
"7101","-77.01702","38.92457",2016-04-16,"transect"
"5491","-77.02996","38.93148",2015-03-20,"TRANSECT"
"2378","-77.03183","38.94566",2019-08-24,"Transect1"
"249","-77.01219","38.95511",2010-12-04,"transect"
"3216","-77.02996","38.94117",2014-06-15,"transect"
"4191","-77.0323","38.93657",2019-12-08,"transect"
"436","-77.01812","38.95293",2013-09-26,"transect"
"8021","-77.04601","38.9202",2015-02-22,"transect"
"10966","-77.01328","38.90662",2019-05-17,"transect"
"5318","-77.02123","38.9322",2017-09-15,"transect"
"6695","-77.04991","38.92626",2014-11-01,"transect"
"11769","-77.02965","38.90335",2019-01-14,"transect"
"2122","-77.03136","38.94687",2012-12-09,"transect"
"1022","-77.00908","38.95099",2020-01-02,"transect"
"3753","-77.03619","38.93827",2015-05-31,"transect"
"5287","-77.01079","38.93233",2017-10-01,"transect"
"6869","-77.02825","38.92554",2014-07-01,"Transect"
"10363","-77.03682","38.90953",2018-02-19,"transect"
"121","-77.02264","38.95681",2011-05-21,"transect"
"6902","-77.05162","38.92529",2017-06-27,"transect"
"3229","-77.01048","38.94117",2016-11-08,"transect"
"11227","-77.01438","38.90553",2019-07-25,"transect"
"10857","-77.03526","38.90686",2011-12-15,"transect"
"4239","-77.01936","38.93645",2011-09-04,"transect"
"332","-77.01001","38.95366",2015-09-13,"transect"
"3037","-77.01796","38.9419",2015-05-06,"transect"
"1082","-77.01313","38.95075",2010-09-07,"transect"
"148","-77.02341","38.95657",2019-08-06,"transect"
"4009","-77.03105","38.9373",2015-03-04,"transect3"
"1864","-77.01593","38.94808",2015-10-09,"transect"
"11732","-77.03432","38.90347",2014-04-07,"transect"
"10593","-77.02326","38.90808",2020-03-26,"transect"
"5977","-77.03947","38.92929",2016-07-07,"transect"
"8510","-77.02934","38.91778",2018-06-26,"transect"
"11762","-77.03245","38.90335",2017-08-19,"transect"
"2764","-77.01032","38.94336",2019-05-18,"transect"
"954","-77.02326","38.95111",2015-01-30,"transect"
"4820","-77.04336","38.93366",2014-06-12,"transects"
"56","-77.01905","38.95729",2015-07-11,"transect"
"6383","-77.04258","38.9276",2017-01-08,"transect"
"4016","-77.02108","38.9373",2016-11-06,"transect"
"5317","-77.02201","38.9322",2020-02-03,"Transect"
"9958","-77.06004","38.91171",2019-11-21,"transect"
"6440","-77.02653","38.92748",2017-04-26,"transect"
"10290","-77.06175","38.91002",2011-07-30,"transect"
"10721","-77.01531","38.90747",2011-01-31,"transect"
"4477","-77.00861","38.9356",2019-01-21,"transect"
"1725","-77.01827","38.94857",2016-08-03,"transect"
"658","-77.00253","38.9522",2018-11-08,"transect"
"4166","-77.0231","38.93669",2017-02-08,"transect"
"5587","-77.04695","38.93111",2019-06-19,"transect"
"4825","-77.03588","38.93366",2015-01-21,"transect"
"1092","-77.00487","38.95075",2016-02-16,"transect"
"3332","-77.00877","38.94069",2011-08-09,"transect"
"6023","-77.04476","38.92905",2013-07-03,"transect"
"3287","-77.03089","38.94081",2018-12-19,"transect"
"5368","-77.04352","38.93196",2011-03-29,"transect"
"10063","-77.06066","38.91123",2015-07-18,"transect"
"3309","-77.03292","38.94069",2016-10-11,"transect"
"6757","-77.03292","38.92602",2012-09-11,"transect"
"9783","-77.03869","38.91268",2018-01-09,"Transect3"
"9164","-77.04648","38.91511",2015-04-08,"transect"
"924","-77.01562","38.95123",2016-10-25,"first_transect"
"6595","-77.05022","38.92675",2015-03-01,"transect"
"8068","-77.01484","38.92008",2018-08-25,"transect1"
"8968","-77.05505","38.91572",2010-09-28,"transect"
"10087","-77.06082","38.91111",2018-08-05,"transect"
"3748","-77.0404","38.93827",2013-10-09,"transect"
"3728","-77.02279","38.93839",2015-04-12,"transect"
"1229","-77.02404","38.95026",2014-05-30,"transect"
"6657","-77.03666","38.92651",2016-10-30,"thirdtransect"
"4789","-77.04414","38.93378",2017-08-11,"transect"
"7311","-77.04212","38.9236",2017-01-31,"transect"
"10546","-77.06425","38.90832",2010-08-06,"transect"
"8915","-77.05427","38.91584",2020-01-07,"transect"
"666","-77.02809","38.95208",2014-12-13,"transect"
"2748","-77.00954","38.94348",2011-03-19,"transect"
"979","-77.01531","38.95111",2011-12-23,"transect"
"8627","-77.02045","38.91729",2018-10-02,"transect"
"10233","-77.03713","38.91038",2020-01-18,"transect"
"881","-77.01593","38.95136",2018-02-01,"transect"
"2797","-77.01048","38.94311",2010-11-09,"transect"
"144","-77.01469","38.95669",2015-04-18,"transect"
"2553","-77.01671","38.94457",2018-10-31,"transect"
"7869","-77.05396","38.92081",2012-03-08,"transect"
"8412","-77.02778","38.91826",2011-09-20,"transect"
"796","-77.00549","38.95172",2019-03-21,"transect"
"11162","-77.01438","38.90589",2018-01-23,"transect"
"9880","-77.06238","38.91208",2020-01-01,"transect"
"9556","-77.04991","38.9139",2016-02-17,"transect"
"3301","-77.00845","38.94081",2013-01-05,"transect"
"2969","-77.03635","38.94214",2012-07-17,"transect"
"11119","-77.06954","38.90601",2012-11-13,"transect"
"1660","-77.00783","38.94881",2010-07-30,"transect"
"9503","-77.02996","38.91414",2013-06-19,"transect"
"7447","-77.04835","38.92299",2014-12-29,"transect"
"6373","-77.01718","38.92772",2016-02-04,"transect"
"9043","-77.05801","38.91547",2010-10-16,"transect"
"4075","-77.03121","38.93693",2010-11-06,"transect"
"3083","-77.03651","38.94166",2013-03-22,"transect1"
"10014","-77.06019","38.91147",2018-11-12,"second_transect"
"8996","-77.03978","38.91572",2017-06-08,"transect"
"724","-77.0044","38.95196",2011-04-04,"transect"
"6954","-77.0457","38.92505",2010-06-21,"transect"
"7587","-77.03261","38.92238",2013-05-31,"transect"
"11046","-77.01484","38.90638",2014-04-02,"thirdtransect"
"11509","-77.02996","38.90444",2013-11-18,"transect"
"2145","-77.01095","38.94687",2012-06-28,"transect"
"107","-77.01967","38.95693",2013-07-14,"transect"
"4376","-77.01219","38.93596",2016-10-21,"transect"
"4771","-77.03167","38.9339",2018-04-25,"transect"
"10679","-77.03417","38.90759",2019-12-09,"transect"
"8970","-77.05474","38.91572",2017-10-03,"transect"
"11661","-77.03838","38.90383",2014-04-17,"transect3"
"8502","-77.05038","38.91778",2018-10-14,"transect"
"151","-77.01438","38.95657",2017-12-08,"transect"
"515","-77.00643","38.95281",2014-01-12,"transect"
"7736","-77.04383","38.92166",2018-02-26,"Transect4"
"4871","-77.02825","38.93354",2015-05-10,"transect"
"10437","-77.03651","38.90905",2010-02-20,"transect"
"36","-77.01874","38.95742",2012-01-14,"transect"
"2899","-77.03323","38.94251",2012-08-22,"transect"
"5824","-77.03074","38.93002",2014-10-30,"transect"
"4558","-77.03058","38.93511",2016-09-01,"transect"
"4758","-77.01453","38.93402",2016-09-25,"transect"
"691","-77.00378","38.95208",2013-04-09,"transect"
"4490","-77.03136","38.93548",2018-07-30,"transect"
"6103","-77.02965","38.92869",2019-04-11,"transect"
"5518","-77.04165","38.93136",2019-01-17,"transect"
"6072","-77.03245","38.92881",2010-06-28,"transect"
"4371","-77.01718","38.93596",2017-05-23,"transect"
"6321","-77.0471","38.92784",2011-08-13,"transect4"
"4242","-77.01593","38.93645",2013-07-28,"transect"
"11756","-77.03432","38.90335",2011-04-24,"transect"
"11124","-77.06845","38.90601",2010-05-24,"transect"
"3781","-77.00923","38.93827",2019-05-25,"transect"
"7894","-77.0538","38.92069",2015-04-20,"transect"
"10346","-77.03541","38.90965",2015-04-27,"transect"
"1828","-77.01718","38.9482",2015-06-27,"transect"
"759","-77.00487","38.95184",2017-06-22,"transect"
"5968","-77.01017","38.92942",2020-01-08,"transect"
"5213","-77.03806","38.93245",2019-03-05,"transect"
"11250","-77.02123","38.90541",2011-12-16,"transect"
"5530","-77.02606","38.93136",2010-03-23,"transect"
"10370","-77.02544","38.90953",2020-04-16,"transect"
"11676","-77.02591","38.90383",2013-11-15,"transect"
"2964","-77.01032","38.94227",2016-09-09,"transect"
"508","-77.00752","38.95281",2012-11-20,"transect"
"548","-77.00035","38.95269",2020-03-17,"transect"
"11353","-77.03448","38.90504",2011-11-17,"transect"
"310","-77.0217","38.95414",2014-03-30,"transect"
"1018","-77.01484","38.95099",2012-04-06,"transect"
"2242","-77.01282","38.94639",2019-03-30,"transect"
"6251","-77.01079","38.9282",2010-02-17,"transect"
"6887","-77.03947","38.92541",2019-10-10,"transect"
"7645","-77.04975","38.92202",2011-03-04,"transect"
"3953","-77.01967","38.93766",2012-06-10,"transect"
"10006","-77.06331","38.91147",2013-06-05,"transect"
"4944","-77.02856","38.9333",2017-06-25,"transect"
"8589","-77.04399","38.91741",2013-01-03,"transect"
"2382","-77.01812","38.94566",2017-09-21,"first_transect"
"2768","-77.00908","38.94336",2018-01-20,"transect"
"6527","-77.03573","38.92711",2016-12-28,"transect"
"5199","-77.01048","38.93257",2010-01-21,"transect"
"5489","-77.03105","38.93148",2012-12-07,"Transect3"
"11274","-77.02715","38.90529",2020-02-21,"transect"
"4895","-77.0443","38.93342",2014-08-25,"transect"
"3667","-77.0256","38.93863",2015-07-09,"transect"
"2581","-77.01266","38.94445",2016-02-10,"transect"
"5931","-77.02279","38.92954",2018-01-12,"transect"
"1977","-77.03089","38.9476",2016-05-27,"transect"
"11641","-77.02871","38.90395",2015-08-27,"transect"
"10743","-77.03386","38.90735",2015-11-11,"transect"
"1760","-77.01843","38.94845",2018-02-15,"transect"
"3651","-77.01796","38.93875",2014-01-05,"transect"
"40","-77.01718","38.95742",2019-10-24,"transect"
"6946","-77.01422","38.92517",2011-06-13,"transect"
"1713","-77.02731","38.94857",2019-07-21,"transect"
"3638","-77.03993","38.93875",2019-02-09,"transect"
"3519","-77.03931","38.93936",2017-10-09,"transect"
"11799","-77.03183","38.90322",2013-03-26,"TRANSECT"
"3224","-77.01765","38.94117",2018-02-20,"transect"
"7562","-77.03728","38.92251",2017-04-03,"transect"
"1932","-77.01734","38.94784",2016-11-26,"transect"
"418","-77.00222","38.95305",2017-12-10,"transect"
"908","-77.02871","38.95123",2015-04-02,"transect"
"10826","-77.03541","38.90698",2018-05-06,"transect"
"3775","-77.01266","38.93827",2017-12-19,"Transect1"
"3623","-77.01874","38.93887",2019-01-20,"transect"
"10492","-77.06362","38.90868",2013-05-16,"transect"
"9684","-77.05973","38.91317",2016-08-14,"transect"
"1366","-77.01547","38.9499",2010-02-15,"transect"
"5477","-77.04617","38.93148",2014-12-01,"transect"
"9628","-77.03744","38.91353",2010-06-24,"transect"
"856","-77.00736","38.95148",2016-11-11,"transect"
"1136","-77.02949","38.95051",2012-07-11,"transect"
"6193","-77.04149","38.92832",2017-07-12,"transect"
"102","-77.02186","38.95693",2017-08-25,"transect"
"2968","-77.03651","38.94214",2019-09-26,"transect"
"7595","-77.05396","38.92226",2019-04-05,"transect"
"10429","-77.06658","38.90905",2019-08-13,"transect"
"6041","-77.00814","38.92905",2016-06-08,"transect"
"7568","-77.02108","38.92251",2014-07-06,"transect"
"9123","-77.04882","38.91523",2014-09-12,"transect"
"10668","-77.06876","38.90759",2017-03-03,"transect"
"8898","-77.02388","38.91596",2014-10-17,"transect"
"10720","-77.01609","38.90747",2016-05-07,"transect"
"8927","-77.04367","38.91584",2019-07-29,"transect"
"9437","-77.04897","38.91426",2018-12-28,"transect"
"9652","-77.03744","38.91341",2012-11-09,"transect"
"9228","-77.05645","38.91487",2015-09-27,"transect"
"10688","-77.01609","38.90759",2012-06-11,"transect"
"3684","-77.00767","38.93863",2013-07-25,"transect"
"4514","-77.04243","38.93536",2012-02-05,"transect"
"6753","-77.03728","38.92602",2010-12-15,"transect"
"317","-77.02606","38.95402",2017-02-23,"transect"
"9811","-77.02996","38.91256",2013-03-11,"transect"
"8119","-77.05396","38.91972",2013-01-29,"transect"
"5163","-77.03526","38.93257",2016-07-11,"transect"
"6873","-77.01266","38.92554",2014-03-17,"transect"
"6070","-77.03962","38.92881",2015-02-20,"transect"
"9800","-77.05895","38.91256",2018-02-25,"transect"
"6337","-77.03214","38.92784",2010-02-19,"transect"
"6830","-77.04586","38.92566",2015-12-12,"transect"
"4112","-77.00736","38.93693",2015-02-12,"transect"
"5395","-77.04352","38.93184",2013-09-14,"transect"
"667","-77.02793","38.95208",2017-04-30,"transect"
"10050","-77.03635","38.91135",2018-03-30,"transect"
"1144","-77.01905","38.95051",2010-10-02,"transect"
"10457","-77.03495","38.90892",2015-04-26,"transect"
"10044","-77.05879","38.91135",2015-11-21,"transect"
"965","-77.01749","38.95111",2013-08-03,"second_transect"
"8108","-77.04632","38.91984",2017-11-16,"transect"
"10600","-77.06689","38.90795",2014-08-26,"transect_2"
"6693","-77.05053","38.92626",2014-08-20,"transect"
"5469","-77.01609","38.9316",2011-03-28,"transect"
"90","-77.01609","38.95705",2013-03-28,"transect"
"2552","-77.01687","38.94457",2018-04-19,"transect"
"7969","-77.04056","38.92044",2013-06-02,"transect"
"201","-77.02451","38.9556",2011-11-18,"transect"
"2178","-77.01952","38.94663",2016-12-31,"transect"
"10701","-77.06752","38.90747",2010-05-13,"transect"
"524","-77.00331","38.95281",2014-04-12,"transect"
"2408","-77.00923","38.94554",2012-03-04,"transect"
"753","-77.00674","38.95184",2018-09-07,"transect"
"9646","-77.05209","38.91341",2013-12-20,"Transect2"
"3822","-77.00799","38.93814",2011-11-01,"transect"
"9641","-77.0577","38.91341",2011-02-04,"transect"
"6155","-77.04944","38.92845",2013-02-26,"transect"
"5795","-77.03682","38.93014",2010-02-02,"transect"
"2511","-77.01515","38.94469",2011-12-06,"transect"
"10494","-77.03635","38.90868",2015-11-10,"transect"
"2813","-77.01812","38.94299",2012-03-21,"transect"
